지점,지점명,일시,평균운량(1/10)
105,강릉,2020-01-01,4.8
105,강릉,2020-02-01,4.3
105,강릉,2020-03-01,3.8
105,강릉,2020-04-01,4.1
105,강릉,2020-05-01,5.7
105,강릉,2020-06-01,5.5
105,강릉,2020-07-01,6.9
105,강릉,2020-08-01,7.3
105,강릉,2020-09-01,6.1
105,강릉,2020-10-01,4.2
105,강릉,2020-11-01,3.7
105,강릉,2020-12-01,2.5
259,강진군,2020-01-01,5.9
259,강진군,2020-02-01,5.0
259,강진군,2020-03-01,4.5
259,강진군,2020-04-01,3.7
259,강진군,2020-05-01,6.2
259,강진군,2020-06-01,6.2
259,강진군,2020-07-01,8.1
259,강진군,2020-08-01,5.9
259,강진군,2020-09-01,6.4
259,강진군,2020-10-01,5.0
259,강진군,2020-11-01,4.8
259,강진군,2020-12-01,4.5
201,강화,2020-01-01,4.9
201,강화,2020-02-01,4.9
201,강화,2020-03-01,3.8
201,강화,2020-04-01,3.3
201,강화,2020-05-01,6.3
201,강화,2020-06-01,5.7
201,강화,2020-07-01,7.3
201,강화,2020-08-01,7.6
201,강화,2020-09-01,5.4
201,강화,2020-10-01,3.9
201,강화,2020-11-01,4.3
201,강화,2020-12-01,3.7
294,거제,2020-01-01,5.4
294,거제,2020-02-01,4.3
294,거제,2020-03-01,4.1
294,거제,2020-04-01,3.7
294,거제,2020-05-01,5.8
294,거제,2020-06-01,5.8
294,거제,2020-07-01,8.0
294,거제,2020-08-01,5.5
294,거제,2020-09-01,6.3
294,거제,2020-10-01,4.8
294,거제,2020-11-01,4.0
294,거제,2020-12-01,3.3
284,거창,2020-01-01,5.5
284,거창,2020-02-01,4.3
284,거창,2020-03-01,4.1
284,거창,2020-04-01,3.4
284,거창,2020-05-01,6.0
284,거창,2020-06-01,5.9
284,거창,2020-07-01,7.8
284,거창,2020-08-01,6.6
284,거창,2020-09-01,6.3
284,거창,2020-10-01,4.9
284,거창,2020-11-01,4.1
284,거창,2020-12-01,4.3
283,경주시,2020-01-01,5.5
283,경주시,2020-02-01,3.9
283,경주시,2020-03-01,4.1
283,경주시,2020-04-01,3.6
283,경주시,2020-05-01,6.0
283,경주시,2020-06-01,5.7
283,경주시,2020-07-01,7.7
283,경주시,2020-08-01,6.3
283,경주시,2020-09-01,6.2
283,경주시,2020-10-01,4.5
283,경주시,2020-11-01,3.8
283,경주시,2020-12-01,3.4
185,고산,2020-01-01,8.1
185,고산,2020-02-01,6.2
185,고산,2020-03-01,5.4
185,고산,2020-04-01,4.3
185,고산,2020-05-01,6.2
185,고산,2020-06-01,6.9
185,고산,2020-07-01,7.4
185,고산,2020-08-01,5.2
185,고산,2020-09-01,6.3
185,고산,2020-10-01,5.4
185,고산,2020-11-01,5.7
185,고산,2020-12-01,7.0
172,고창,2020-01-01,6.8
172,고창,2020-02-01,5.5
172,고창,2020-03-01,4.7
172,고창,2020-04-01,4.0
172,고창,2020-05-01,6.3
172,고창,2020-06-01,6.2
172,고창,2020-07-01,8.0
172,고창,2020-08-01,6.2
172,고창,2020-09-01,6.0
172,고창,2020-10-01,5.1
172,고창,2020-11-01,5.6
172,고창,2020-12-01,6.1
251,고창군,2020-01-01,6.4
251,고창군,2020-02-01,5.0
251,고창군,2020-03-01,4.5
251,고창군,2020-04-01,3.7
251,고창군,2020-05-01,6.2
251,고창군,2020-06-01,6.2
251,고창군,2020-07-01,8.1
251,고창군,2020-08-01,6.2
251,고창군,2020-09-01,5.9
251,고창군,2020-10-01,5.1
251,고창군,2020-11-01,5.3
251,고창군,2020-12-01,5.7
262,고흥,2020-01-01,5.8
262,고흥,2020-02-01,4.7
262,고흥,2020-03-01,4.3
262,고흥,2020-04-01,3.7
262,고흥,2020-05-01,5.9
262,고흥,2020-06-01,6.1
262,고흥,2020-07-01,7.9
262,고흥,2020-08-01,5.8
262,고흥,2020-09-01,6.2
262,고흥,2020-10-01,4.7
262,고흥,2020-11-01,4.7
262,고흥,2020-12-01,4.1
266,광양시,2020-01-01,5.4
266,광양시,2020-02-01,4.4
266,광양시,2020-03-01,4.0
266,광양시,2020-04-01,3.5
266,광양시,2020-05-01,5.9
266,광양시,2020-06-01,6.1
266,광양시,2020-07-01,8.0
266,광양시,2020-08-01,6.1
266,광양시,2020-09-01,6.2
266,광양시,2020-10-01,4.7
266,광양시,2020-11-01,4.2
266,광양시,2020-12-01,3.8
156,광주,2020-01-01,6.3
156,광주,2020-02-01,4.9
156,광주,2020-03-01,4.0
156,광주,2020-04-01,3.3
156,광주,2020-05-01,6.1
156,광주,2020-06-01,6.5
156,광주,2020-07-01,8.7
156,광주,2020-08-01,6.6
156,광주,2020-09-01,6.3
156,광주,2020-10-01,4.6
156,광주,2020-11-01,4.8
156,광주,2020-12-01,4.8
279,구미,2020-01-01,5.7
279,구미,2020-02-01,4.2
279,구미,2020-03-01,3.8
279,구미,2020-04-01,3.4
279,구미,2020-05-01,5.8
279,구미,2020-06-01,5.8
279,구미,2020-07-01,7.7
279,구미,2020-08-01,6.5
279,구미,2020-09-01,6.0
279,구미,2020-10-01,4.7
279,구미,2020-11-01,4.0
279,구미,2020-12-01,3.5
140,군산,2020-01-01,6.4
140,군산,2020-02-01,4.6
140,군산,2020-03-01,4.3
140,군산,2020-04-01,3.5
140,군산,2020-05-01,6.0
140,군산,2020-06-01,6.1
140,군산,2020-07-01,7.8
140,군산,2020-08-01,6.6
140,군산,2020-09-01,5.6
140,군산,2020-10-01,4.7
140,군산,2020-11-01,5.1
140,군산,2020-12-01,5.3
238,금산,2020-01-01,6.0
238,금산,2020-02-01,4.6
238,금산,2020-03-01,3.9
238,금산,2020-04-01,3.3
238,금산,2020-05-01,5.9
238,금산,2020-06-01,6.4
238,금산,2020-07-01,7.9
238,금산,2020-08-01,6.8
238,금산,2020-09-01,5.9
238,금산,2020-10-01,4.8
238,금산,2020-11-01,4.4
238,금산,2020-12-01,4.3
253,김해시,2020-01-01,5.3
253,김해시,2020-02-01,3.9
253,김해시,2020-03-01,4.0
253,김해시,2020-04-01,3.7
253,김해시,2020-05-01,6.0
253,김해시,2020-06-01,5.6
253,김해시,2020-07-01,7.8
253,김해시,2020-08-01,6.1
253,김해시,2020-09-01,6.3
253,김해시,2020-10-01,4.5
253,김해시,2020-11-01,3.9
253,김해시,2020-12-01,3.2
247,남원,2020-01-01,6.0
247,남원,2020-02-01,5.0
247,남원,2020-03-01,4.5
247,남원,2020-04-01,3.7
247,남원,2020-05-01,6.3
247,남원,2020-06-01,6.2
247,남원,2020-07-01,8.0
247,남원,2020-08-01,6.5
247,남원,2020-09-01,6.4
247,남원,2020-10-01,5.0
247,남원,2020-11-01,4.7
247,남원,2020-12-01,4.9
295,남해,2020-01-01,5.5
295,남해,2020-02-01,4.4
295,남해,2020-03-01,3.9
295,남해,2020-04-01,3.6
295,남해,2020-05-01,5.8
295,남해,2020-06-01,6.0
295,남해,2020-07-01,8.0
295,남해,2020-08-01,5.6
295,남해,2020-09-01,6.3
295,남해,2020-10-01,4.7
295,남해,2020-11-01,4.3
295,남해,2020-12-01,3.7
100,대관령,2020-01-01,5.1
100,대관령,2020-02-01,4.5
100,대관령,2020-03-01,4.0
100,대관령,2020-04-01,4.3
100,대관령,2020-05-01,5.7
100,대관령,2020-06-01,5.7
100,대관령,2020-07-01,7.0
100,대관령,2020-08-01,7.5
100,대관령,2020-09-01,6.5
100,대관령,2020-10-01,4.7
100,대관령,2020-11-01,3.8
100,대관령,2020-12-01,3.1
143,대구,2020-01-01,5.7
143,대구,2020-02-01,4.5
143,대구,2020-03-01,3.8
143,대구,2020-04-01,3.5
143,대구,2020-05-01,5.8
143,대구,2020-06-01,5.7
143,대구,2020-07-01,8.2
143,대구,2020-08-01,6.4
143,대구,2020-09-01,6.3
143,대구,2020-10-01,4.2
143,대구,2020-11-01,3.6
143,대구,2020-12-01,3.2
133,대전,2020-01-01,6.0
133,대전,2020-02-01,4.8
133,대전,2020-03-01,3.6
133,대전,2020-04-01,3.0
133,대전,2020-05-01,6.1
133,대전,2020-06-01,6.2
133,대전,2020-07-01,8.4
133,대전,2020-08-01,6.9
133,대전,2020-09-01,5.9
133,대전,2020-10-01,4.2
133,대전,2020-11-01,4.6
133,대전,2020-12-01,4.1
98,동두천,2020-01-01,4.7
98,동두천,2020-02-01,4.5
98,동두천,2020-03-01,3.6
98,동두천,2020-04-01,3.1
98,동두천,2020-05-01,6.3
98,동두천,2020-06-01,5.6
98,동두천,2020-07-01,7.3
98,동두천,2020-08-01,7.8
98,동두천,2020-09-01,5.9
98,동두천,2020-10-01,4.2
98,동두천,2020-11-01,4.0
98,동두천,2020-12-01,3.4
106,동해,2020-01-01,4.8
106,동해,2020-02-01,4.2
106,동해,2020-03-01,3.9
106,동해,2020-04-01,4.1
106,동해,2020-05-01,5.8
106,동해,2020-06-01,5.6
106,동해,2020-07-01,6.9
106,동해,2020-08-01,7.3
106,동해,2020-09-01,6.0
106,동해,2020-10-01,4.5
106,동해,2020-11-01,3.8
106,동해,2020-12-01,2.5
165,목포,2020-01-01,6.7
165,목포,2020-02-01,5.6
165,목포,2020-03-01,4.5
165,목포,2020-04-01,3.8
165,목포,2020-05-01,6.0
165,목포,2020-06-01,6.6
165,목포,2020-07-01,8.4
165,목포,2020-08-01,6.1
165,목포,2020-09-01,6.2
165,목포,2020-10-01,5.1
165,목포,2020-11-01,5.3
165,목포,2020-12-01,5.5
273,문경,2020-01-01,5.8
273,문경,2020-02-01,4.4
273,문경,2020-03-01,3.7
273,문경,2020-04-01,3.4
273,문경,2020-05-01,5.9
273,문경,2020-06-01,6.0
273,문경,2020-07-01,7.7
273,문경,2020-08-01,6.9
273,문경,2020-09-01,6.2
273,문경,2020-10-01,4.3
273,문경,2020-11-01,4.2
273,문경,2020-12-01,3.4
288,밀양,2020-01-01,5.5
288,밀양,2020-02-01,4.1
288,밀양,2020-03-01,4.0
288,밀양,2020-04-01,3.5
288,밀양,2020-05-01,5.9
288,밀양,2020-06-01,5.7
288,밀양,2020-07-01,7.6
288,밀양,2020-08-01,6.2
288,밀양,2020-09-01,6.5
288,밀양,2020-10-01,4.6
288,밀양,2020-11-01,3.7
288,밀양,2020-12-01,3.5
102,백령도,2020-01-01,5.7
102,백령도,2020-02-01,5.6
102,백령도,2020-03-01,3.4
102,백령도,2020-04-01,2.6
102,백령도,2020-05-01,6.8
102,백령도,2020-06-01,6.9
102,백령도,2020-07-01,7.2
102,백령도,2020-08-01,8.9
102,백령도,2020-09-01,5.3
102,백령도,2020-10-01,4.3
102,백령도,2020-11-01,5.0
102,백령도,2020-12-01,6.8
235,보령,2020-01-01,6.5
235,보령,2020-02-01,4.9
235,보령,2020-03-01,4.0
235,보령,2020-04-01,3.3
235,보령,2020-05-01,6.3
235,보령,2020-06-01,6.1
235,보령,2020-07-01,7.5
235,보령,2020-08-01,6.6
235,보령,2020-09-01,5.8
235,보령,2020-10-01,4.6
235,보령,2020-11-01,5.2
235,보령,2020-12-01,5.7
258,보성군,2020-01-01,5.9
258,보성군,2020-02-01,4.6
258,보성군,2020-03-01,4.3
258,보성군,2020-04-01,3.6
258,보성군,2020-05-01,6.2
258,보성군,2020-06-01,6.1
258,보성군,2020-07-01,8.0
258,보성군,2020-08-01,6.0
258,보성군,2020-09-01,6.5
258,보성군,2020-10-01,4.9
258,보성군,2020-11-01,4.7
258,보성군,2020-12-01,4.2
226,보은,2020-01-01,5.9
226,보은,2020-02-01,4.6
226,보은,2020-03-01,3.8
226,보은,2020-04-01,3.2
226,보은,2020-05-01,6.1
226,보은,2020-06-01,6.3
226,보은,2020-07-01,7.7
226,보은,2020-08-01,7.0
226,보은,2020-09-01,6.1
226,보은,2020-10-01,4.6
226,보은,2020-11-01,4.3
226,보은,2020-12-01,4.1
271,봉화,2020-01-01,5.5
271,봉화,2020-02-01,4.6
271,봉화,2020-03-01,4.0
271,봉화,2020-04-01,3.9
271,봉화,2020-05-01,6.1
271,봉화,2020-06-01,5.8
271,봉화,2020-07-01,7.4
271,봉화,2020-08-01,7.5
271,봉화,2020-09-01,6.9
271,봉화,2020-10-01,4.9
271,봉화,2020-11-01,3.8
271,봉화,2020-12-01,3.2
159,부산,2020-01-01,5.1
159,부산,2020-02-01,3.9
159,부산,2020-03-01,4.0
159,부산,2020-04-01,3.7
159,부산,2020-05-01,5.8
159,부산,2020-06-01,5.7
159,부산,2020-07-01,8.4
159,부산,2020-08-01,5.9
159,부산,2020-09-01,6.0
159,부산,2020-10-01,4.2
159,부산,2020-11-01,3.6
159,부산,2020-12-01,2.7
243,부안,2020-01-01,6.8
243,부안,2020-02-01,5.4
243,부안,2020-03-01,4.9
243,부안,2020-04-01,4.1
243,부안,2020-05-01,6.1
243,부안,2020-06-01,6.2
243,부안,2020-07-01,7.8
243,부안,2020-08-01,6.4
243,부안,2020-09-01,5.6
243,부안,2020-10-01,5.4
243,부안,2020-11-01,6.2
243,부안,2020-12-01,6.5
236,부여,2020-01-01,6.0
236,부여,2020-02-01,4.5
236,부여,2020-03-01,3.9
236,부여,2020-04-01,3.2
236,부여,2020-05-01,6.2
236,부여,2020-06-01,5.9
236,부여,2020-07-01,7.8
236,부여,2020-08-01,6.7
236,부여,2020-09-01,5.8
236,부여,2020-10-01,4.6
236,부여,2020-11-01,4.7
236,부여,2020-12-01,4.2
104,북강릉,2020-01-01,4.9
104,북강릉,2020-02-01,4.1
104,북강릉,2020-03-01,3.6
104,북강릉,2020-04-01,4.0
104,북강릉,2020-05-01,5.8
104,북강릉,2020-06-01,5.6
104,북강릉,2020-07-01,7.4
104,북강릉,2020-08-01,7.6
104,북강릉,2020-09-01,6.6
104,북강릉,2020-10-01,4.1
104,북강릉,2020-11-01,3.4
104,북강릉,2020-12-01,2.4
255,북창원,2020-01-01,5.2
255,북창원,2020-02-01,3.7
255,북창원,2020-03-01,4.0
255,북창원,2020-04-01,3.4
255,북창원,2020-05-01,5.7
255,북창원,2020-06-01,5.8
255,북창원,2020-07-01,7.9
255,북창원,2020-08-01,6.1
255,북창원,2020-09-01,6.2
255,북창원,2020-10-01,4.5
255,북창원,2020-11-01,3.9
255,북창원,2020-12-01,3.2
93,북춘천,2020-01-01,4.7
93,북춘천,2020-02-01,4.5
93,북춘천,2020-03-01,3.9
93,북춘천,2020-04-01,3.6
93,북춘천,2020-05-01,6.2
93,북춘천,2020-06-01,5.7
93,북춘천,2020-07-01,7.6
93,북춘천,2020-08-01,8.3
93,북춘천,2020-09-01,6.5
93,북춘천,2020-10-01,4.3
93,북춘천,2020-11-01,3.9
93,북춘천,2020-12-01,3.5
289,산청,2020-01-01,5.6
289,산청,2020-02-01,4.3
289,산청,2020-03-01,4.1
289,산청,2020-04-01,3.4
289,산청,2020-05-01,6.0
289,산청,2020-06-01,5.8
289,산청,2020-07-01,7.9
289,산청,2020-08-01,6.4
289,산청,2020-09-01,6.4
289,산청,2020-10-01,4.9
289,산청,2020-11-01,4.1
289,산청,2020-12-01,4.0
137,상주,2020-01-01,5.8
137,상주,2020-02-01,4.2
137,상주,2020-03-01,3.4
137,상주,2020-04-01,3.3
137,상주,2020-05-01,5.8
137,상주,2020-06-01,5.7
137,상주,2020-07-01,7.5
137,상주,2020-08-01,6.9
137,상주,2020-09-01,6.1
137,상주,2020-10-01,4.6
137,상주,2020-11-01,3.9
137,상주,2020-12-01,3.3
189,서귀포,2020-01-01,6.7
189,서귀포,2020-02-01,5.4
189,서귀포,2020-03-01,5.4
189,서귀포,2020-04-01,4.2
189,서귀포,2020-05-01,6.1
189,서귀포,2020-06-01,7.2
189,서귀포,2020-07-01,8.1
189,서귀포,2020-08-01,6.5
189,서귀포,2020-09-01,6.7
189,서귀포,2020-10-01,4.8
189,서귀포,2020-11-01,5.0
189,서귀포,2020-12-01,5.2
129,서산,2020-01-01,6.3
129,서산,2020-02-01,4.8
129,서산,2020-03-01,3.9
129,서산,2020-04-01,3.5
129,서산,2020-05-01,6.1
129,서산,2020-06-01,6.0
129,서산,2020-07-01,7.4
129,서산,2020-08-01,7.1
129,서산,2020-09-01,5.4
129,서산,2020-10-01,4.5
129,서산,2020-11-01,5.2
129,서산,2020-12-01,5.4
108,서울,2020-01-01,4.8
108,서울,2020-02-01,4.7
108,서울,2020-03-01,3.4
108,서울,2020-04-01,3.1
108,서울,2020-05-01,6.3
108,서울,2020-06-01,5.9
108,서울,2020-07-01,7.5
108,서울,2020-08-01,8.1
108,서울,2020-09-01,5.8
108,서울,2020-10-01,3.7
108,서울,2020-11-01,4.1
108,서울,2020-12-01,3.3
188,성산,2020-01-01,7.4
188,성산,2020-02-01,5.9
188,성산,2020-03-01,5.5
188,성산,2020-04-01,4.2
188,성산,2020-05-01,6.1
188,성산,2020-06-01,7.0
188,성산,2020-07-01,7.7
188,성산,2020-08-01,5.3
188,성산,2020-09-01,6.5
188,성산,2020-10-01,5.6
188,성산,2020-11-01,5.7
188,성산,2020-12-01,6.4
239,세종,2020-01-01,
239,세종,2020-02-01,
239,세종,2020-03-01,3.6
239,세종,2020-04-01,3.1
239,세종,2020-05-01,6.1
239,세종,2020-06-01,5.8
239,세종,2020-07-01,7.7
239,세종,2020-08-01,6.8
239,세종,2020-09-01,5.6
239,세종,2020-10-01,4.3
239,세종,2020-11-01,4.5
239,세종,2020-12-01,4.1
90,속초,2020-01-01,4.6
90,속초,2020-02-01,4.2
90,속초,2020-03-01,3.5
90,속초,2020-04-01,3.9
90,속초,2020-05-01,5.9
90,속초,2020-06-01,5.3
90,속초,2020-07-01,6.9
90,속초,2020-08-01,7.2
90,속초,2020-09-01,6.2
90,속초,2020-10-01,3.9
90,속초,2020-11-01,3.5
90,속초,2020-12-01,2.4
119,수원,2020-01-01,5.2
119,수원,2020-02-01,4.6
119,수원,2020-03-01,3.4
119,수원,2020-04-01,2.8
119,수원,2020-05-01,6.3
119,수원,2020-06-01,6.1
119,수원,2020-07-01,7.7
119,수원,2020-08-01,7.6
119,수원,2020-09-01,5.6
119,수원,2020-10-01,3.7
119,수원,2020-11-01,3.8
119,수원,2020-12-01,3.5
254,순창군,2020-01-01,6.1
254,순창군,2020-02-01,4.9
254,순창군,2020-03-01,4.4
254,순창군,2020-04-01,3.6
254,순창군,2020-05-01,6.3
254,순창군,2020-06-01,6.4
254,순창군,2020-07-01,8.1
254,순창군,2020-08-01,6.3
254,순창군,2020-09-01,6.4
254,순창군,2020-10-01,5.0
254,순창군,2020-11-01,4.8
254,순창군,2020-12-01,4.9
174,순천,2020-01-01,5.9
174,순천,2020-02-01,4.7
174,순천,2020-03-01,4.1
174,순천,2020-04-01,3.8
174,순천,2020-05-01,6.2
174,순천,2020-06-01,6.1
174,순천,2020-07-01,
174,순천,2020-08-01,
174,순천,2020-09-01,6.5
174,순천,2020-10-01,4.9
174,순천,2020-11-01,4.6
174,순천,2020-12-01,4.2
136,안동,2020-01-01,5.5
136,안동,2020-02-01,4.1
136,안동,2020-03-01,3.6
136,안동,2020-04-01,3.6
136,안동,2020-05-01,5.6
136,안동,2020-06-01,5.7
136,안동,2020-07-01,8.0
136,안동,2020-08-01,7.1
136,안동,2020-09-01,6.3
136,안동,2020-10-01,4.8
136,안동,2020-11-01,3.9
136,안동,2020-12-01,2.9
257,양산시,2020-01-01,5.4
257,양산시,2020-02-01,4.0
257,양산시,2020-03-01,4.0
257,양산시,2020-04-01,3.6
257,양산시,2020-05-01,6.1
257,양산시,2020-06-01,5.6
257,양산시,2020-07-01,7.8
257,양산시,2020-08-01,6.3
257,양산시,2020-09-01,6.3
257,양산시,2020-10-01,4.4
257,양산시,2020-11-01,4.0
257,양산시,2020-12-01,3.3
202,양평,2020-01-01,4.9
202,양평,2020-02-01,4.3
202,양평,2020-03-01,3.6
202,양평,2020-04-01,3.3
202,양평,2020-05-01,6.1
202,양평,2020-06-01,5.8
202,양평,2020-07-01,7.4
202,양평,2020-08-01,7.6
202,양평,2020-09-01,5.8
202,양평,2020-10-01,4.2
202,양평,2020-11-01,4.1
202,양평,2020-12-01,3.4
168,여수,2020-01-01,5.5
168,여수,2020-02-01,4.2
168,여수,2020-03-01,3.8
168,여수,2020-04-01,3.5
168,여수,2020-05-01,5.9
168,여수,2020-06-01,6.1
168,여수,2020-07-01,8.5
168,여수,2020-08-01,6.0
168,여수,2020-09-01,6.2
168,여수,2020-10-01,4.0
168,여수,2020-11-01,4.0
168,여수,2020-12-01,3.3
252,영광군,2020-01-01,7.4
252,영광군,2020-02-01,5.9
252,영광군,2020-03-01,4.7
252,영광군,2020-04-01,4.2
252,영광군,2020-05-01,6.3
252,영광군,2020-06-01,6.3
252,영광군,2020-07-01,8.0
252,영광군,2020-08-01,6.2
252,영광군,2020-09-01,6.0
252,영광군,2020-10-01,5.3
252,영광군,2020-11-01,6.0
252,영광군,2020-12-01,6.6
277,영덕,2020-01-01,5.2
277,영덕,2020-02-01,4.2
277,영덕,2020-03-01,4.0
277,영덕,2020-04-01,3.9
277,영덕,2020-05-01,5.7
277,영덕,2020-06-01,5.5
277,영덕,2020-07-01,7.5
277,영덕,2020-08-01,6.8
277,영덕,2020-09-01,5.8
277,영덕,2020-10-01,4.9
277,영덕,2020-11-01,4.0
277,영덕,2020-12-01,2.9
121,영월,2020-01-01,5.3
121,영월,2020-02-01,4.4
121,영월,2020-03-01,4.1
121,영월,2020-04-01,3.7
121,영월,2020-05-01,6.2
121,영월,2020-06-01,6.0
121,영월,2020-07-01,7.6
121,영월,2020-08-01,7.3
121,영월,2020-09-01,6.6
121,영월,2020-10-01,4.7
121,영월,2020-11-01,4.1
121,영월,2020-12-01,3.5
272,영주,2020-01-01,6.0
272,영주,2020-02-01,4.8
272,영주,2020-03-01,4.1
272,영주,2020-04-01,3.7
272,영주,2020-05-01,6.1
272,영주,2020-06-01,5.9
272,영주,2020-07-01,7.8
272,영주,2020-08-01,7.2
272,영주,2020-09-01,6.6
272,영주,2020-10-01,4.5
272,영주,2020-11-01,4.2
272,영주,2020-12-01,3.7
281,영천,2020-01-01,5.4
281,영천,2020-02-01,4.2
281,영천,2020-03-01,4.0
281,영천,2020-04-01,3.3
281,영천,2020-05-01,5.9
281,영천,2020-06-01,5.6
281,영천,2020-07-01,7.6
281,영천,2020-08-01,6.5
281,영천,2020-09-01,6.2
281,영천,2020-10-01,4.6
281,영천,2020-11-01,3.9
281,영천,2020-12-01,3.3
170,완도,2020-01-01,6.3
170,완도,2020-02-01,5.3
170,완도,2020-03-01,4.8
170,완도,2020-04-01,4.0
170,완도,2020-05-01,6.1
170,완도,2020-06-01,6.2
170,완도,2020-07-01,7.9
170,완도,2020-08-01,5.7
170,완도,2020-09-01,6.4
170,완도,2020-10-01,5.0
170,완도,2020-11-01,5.3
170,완도,2020-12-01,4.8
115,울릉도,2020-01-01,7.7
115,울릉도,2020-02-01,6.5
115,울릉도,2020-03-01,4.7
115,울릉도,2020-04-01,4.3
115,울릉도,2020-05-01,5.8
115,울릉도,2020-06-01,5.5
115,울릉도,2020-07-01,7.8
115,울릉도,2020-08-01,6.9
115,울릉도,2020-09-01,6.4
115,울릉도,2020-10-01,5.4
115,울릉도,2020-11-01,5.3
115,울릉도,2020-12-01,7.1
152,울산,2020-01-01,5.4
152,울산,2020-02-01,4.0
152,울산,2020-03-01,4.0
152,울산,2020-04-01,3.8
152,울산,2020-05-01,5.9
152,울산,2020-06-01,5.6
152,울산,2020-07-01,8.2
152,울산,2020-08-01,6.1
152,울산,2020-09-01,6.4
152,울산,2020-10-01,4.3
152,울산,2020-11-01,3.6
152,울산,2020-12-01,2.9
130,울진,2020-01-01,4.9
130,울진,2020-02-01,4.1
130,울진,2020-03-01,3.9
130,울진,2020-04-01,4.0
130,울진,2020-05-01,5.7
130,울진,2020-06-01,5.6
130,울진,2020-07-01,7.4
130,울진,2020-08-01,7.2
130,울진,2020-09-01,5.9
130,울진,2020-10-01,4.7
130,울진,2020-11-01,3.9
130,울진,2020-12-01,2.8
114,원주,2020-01-01,5.3
114,원주,2020-02-01,4.3
114,원주,2020-03-01,4.0
114,원주,2020-04-01,3.4
114,원주,2020-05-01,6.1
114,원주,2020-06-01,6.0
114,원주,2020-07-01,7.7
114,원주,2020-08-01,7.4
114,원주,2020-09-01,6.3
114,원주,2020-10-01,4.0
114,원주,2020-11-01,4.1
114,원주,2020-12-01,3.6
263,의령군,2020-01-01,5.4
263,의령군,2020-02-01,3.9
263,의령군,2020-03-01,4.0
263,의령군,2020-04-01,3.3
263,의령군,2020-05-01,5.8
263,의령군,2020-06-01,5.8
263,의령군,2020-07-01,7.8
263,의령군,2020-08-01,6.2
263,의령군,2020-09-01,6.3
263,의령군,2020-10-01,4.6
263,의령군,2020-11-01,4.0
263,의령군,2020-12-01,3.6
278,의성,2020-01-01,5.4
278,의성,2020-02-01,4.1
278,의성,2020-03-01,3.7
278,의성,2020-04-01,3.6
278,의성,2020-05-01,5.6
278,의성,2020-06-01,5.8
278,의성,2020-07-01,7.4
278,의성,2020-08-01,6.9
278,의성,2020-09-01,6.1
278,의성,2020-10-01,4.9
278,의성,2020-11-01,3.8
278,의성,2020-12-01,3.1
203,이천,2020-01-01,5.0
203,이천,2020-02-01,4.1
203,이천,2020-03-01,3.6
203,이천,2020-04-01,3.2
203,이천,2020-05-01,5.9
203,이천,2020-06-01,5.7
203,이천,2020-07-01,7.1
203,이천,2020-08-01,7.5
203,이천,2020-09-01,5.9
203,이천,2020-10-01,4.3
203,이천,2020-11-01,4.1
203,이천,2020-12-01,3.4
211,인제,2020-01-01,4.8
211,인제,2020-02-01,4.8
211,인제,2020-03-01,4.2
211,인제,2020-04-01,4.2
211,인제,2020-05-01,6.3
211,인제,2020-06-01,5.7
211,인제,2020-07-01,7.2
211,인제,2020-08-01,7.9
211,인제,2020-09-01,6.8
211,인제,2020-10-01,4.6
211,인제,2020-11-01,4.1
211,인제,2020-12-01,3.4
112,인천,2020-01-01,5.0
112,인천,2020-02-01,4.6
112,인천,2020-03-01,3.8
112,인천,2020-04-01,2.9
112,인천,2020-05-01,6.6
112,인천,2020-06-01,6.1
112,인천,2020-07-01,7.5
112,인천,2020-08-01,8.1
112,인천,2020-09-01,5.7
112,인천,2020-10-01,4.1
112,인천,2020-11-01,4.2
112,인천,2020-12-01,3.5
244,임실,2020-01-01,6.3
244,임실,2020-02-01,5.0
244,임실,2020-03-01,4.5
244,임실,2020-04-01,3.6
244,임실,2020-05-01,6.4
244,임실,2020-06-01,6.3
244,임실,2020-07-01,8.0
244,임실,2020-08-01,6.4
244,임실,2020-09-01,6.5
244,임실,2020-10-01,4.8
244,임실,2020-11-01,4.7
244,임실,2020-12-01,4.9
248,장수,2020-01-01,6.1
248,장수,2020-02-01,4.9
248,장수,2020-03-01,4.4
248,장수,2020-04-01,3.5
248,장수,2020-05-01,6.4
248,장수,2020-06-01,6.5
248,장수,2020-07-01,7.9
248,장수,2020-08-01,6.7
248,장수,2020-09-01,6.8
248,장수,2020-10-01,4.9
248,장수,2020-11-01,4.8
248,장수,2020-12-01,5.1
260,장흥,2020-01-01,5.8
260,장흥,2020-02-01,4.9
260,장흥,2020-03-01,4.5
260,장흥,2020-04-01,3.7
260,장흥,2020-05-01,6.4
260,장흥,2020-06-01,6.2
260,장흥,2020-07-01,8.0
260,장흥,2020-08-01,5.8
260,장흥,2020-09-01,6.5
260,장흥,2020-10-01,5.0
260,장흥,2020-11-01,4.8
260,장흥,2020-12-01,4.3
146,전주,2020-01-01,6.4
146,전주,2020-02-01,5.0
146,전주,2020-03-01,4.0
146,전주,2020-04-01,3.2
146,전주,2020-05-01,6.0
146,전주,2020-06-01,6.8
146,전주,2020-07-01,8.6
146,전주,2020-08-01,6.5
146,전주,2020-09-01,6.1
146,전주,2020-10-01,4.3
146,전주,2020-11-01,4.7
146,전주,2020-12-01,4.5
217,정선군,2020-01-01,5.0
217,정선군,2020-02-01,4.5
217,정선군,2020-03-01,4.0
217,정선군,2020-04-01,4.2
217,정선군,2020-05-01,6.3
217,정선군,2020-06-01,6.1
217,정선군,2020-07-01,7.8
217,정선군,2020-08-01,7.5
217,정선군,2020-09-01,7.1
217,정선군,2020-10-01,5.2
217,정선군,2020-11-01,3.9
217,정선군,2020-12-01,3.2
245,정읍,2020-01-01,6.3
245,정읍,2020-02-01,4.9
245,정읍,2020-03-01,4.4
245,정읍,2020-04-01,3.6
245,정읍,2020-05-01,6.1
245,정읍,2020-06-01,6.2
245,정읍,2020-07-01,7.8
245,정읍,2020-08-01,6.3
245,정읍,2020-09-01,5.9
245,정읍,2020-10-01,5.3
245,정읍,2020-11-01,5.5
245,정읍,2020-12-01,5.3
184,제주,2020-01-01,8.0
184,제주,2020-02-01,6.2
184,제주,2020-03-01,5.1
184,제주,2020-04-01,3.9
184,제주,2020-05-01,5.6
184,제주,2020-06-01,6.7
184,제주,2020-07-01,7.9
184,제주,2020-08-01,5.2
184,제주,2020-09-01,6.7
184,제주,2020-10-01,5.5
184,제주,2020-11-01,5.8
184,제주,2020-12-01,6.7
221,제천,2020-01-01,5.3
221,제천,2020-02-01,4.3
221,제천,2020-03-01,4.0
221,제천,2020-04-01,3.5
221,제천,2020-05-01,6.1
221,제천,2020-06-01,5.9
221,제천,2020-07-01,7.8
221,제천,2020-08-01,7.4
221,제천,2020-09-01,6.5
221,제천,2020-10-01,4.3
221,제천,2020-11-01,4.0
221,제천,2020-12-01,3.7
268,진도군,2020-01-01,7.0
268,진도군,2020-02-01,5.9
268,진도군,2020-03-01,4.8
268,진도군,2020-04-01,3.9
268,진도군,2020-05-01,6.2
268,진도군,2020-06-01,6.4
268,진도군,2020-07-01,7.7
268,진도군,2020-08-01,5.8
268,진도군,2020-09-01,6.4
268,진도군,2020-10-01,5.2
268,진도군,2020-11-01,5.8
268,진도군,2020-12-01,5.9
192,진주,2020-01-01,5.2
192,진주,2020-02-01,4.0
192,진주,2020-03-01,4.0
192,진주,2020-04-01,3.2
192,진주,2020-05-01,5.7
192,진주,2020-06-01,5.9
192,진주,2020-07-01,8.0
192,진주,2020-08-01,6.2
192,진주,2020-09-01,6.4
192,진주,2020-10-01,4.7
192,진주,2020-11-01,3.9
192,진주,2020-12-01,3.5
155,창원,2020-01-01,5.3
155,창원,2020-02-01,4.1
155,창원,2020-03-01,3.9
155,창원,2020-04-01,3.5
155,창원,2020-05-01,5.8
155,창원,2020-06-01,5.8
155,창원,2020-07-01,8.6
155,창원,2020-08-01,6.0
155,창원,2020-09-01,6.4
155,창원,2020-10-01,4.2
155,창원,2020-11-01,3.9
155,창원,2020-12-01,2.9
232,천안,2020-01-01,5.6
232,천안,2020-02-01,4.7
232,천안,2020-03-01,3.9
232,천안,2020-04-01,3.0
232,천안,2020-05-01,5.9
232,천안,2020-06-01,6.0
232,천안,2020-07-01,7.7
232,천안,2020-08-01,7.0
232,천안,2020-09-01,5.8
232,천안,2020-10-01,4.1
232,천안,2020-11-01,4.6
232,천안,2020-12-01,4.1
95,철원,2020-01-01,4.8
95,철원,2020-02-01,4.9
95,철원,2020-03-01,3.7
95,철원,2020-04-01,3.3
95,철원,2020-05-01,6.4
95,철원,2020-06-01,5.7
95,철원,2020-07-01,7.2
95,철원,2020-08-01,7.9
95,철원,2020-09-01,6.0
95,철원,2020-10-01,3.7
95,철원,2020-11-01,4.0
95,철원,2020-12-01,4.0
276,청송군,2020-01-01,5.3
276,청송군,2020-02-01,3.9
276,청송군,2020-03-01,3.8
276,청송군,2020-04-01,3.8
276,청송군,2020-05-01,5.6
276,청송군,2020-06-01,5.6
276,청송군,2020-07-01,7.5
276,청송군,2020-08-01,7.0
276,청송군,2020-09-01,6.5
276,청송군,2020-10-01,5.4
276,청송군,2020-11-01,3.9
276,청송군,2020-12-01,3.0
131,청주,2020-01-01,5.9
131,청주,2020-02-01,4.9
131,청주,2020-03-01,3.5
131,청주,2020-04-01,2.9
131,청주,2020-05-01,6.0
131,청주,2020-06-01,5.9
131,청주,2020-07-01,8.0
131,청주,2020-08-01,7.0
131,청주,2020-09-01,5.6
131,청주,2020-10-01,3.7
131,청주,2020-11-01,4.2
131,청주,2020-12-01,3.9
135,추풍령,2020-01-01,5.8
135,추풍령,2020-02-01,4.6
135,추풍령,2020-03-01,3.9
135,추풍령,2020-04-01,3.2
135,추풍령,2020-05-01,6.0
135,추풍령,2020-06-01,6.0
135,추풍령,2020-07-01,7.9
135,추풍령,2020-08-01,7.0
135,추풍령,2020-09-01,6.0
135,추풍령,2020-10-01,4.8
135,추풍령,2020-11-01,4.3
135,추풍령,2020-12-01,3.8
101,춘천,2020-01-01,
101,춘천,2020-02-01,
101,춘천,2020-03-01,
101,춘천,2020-04-01,
101,춘천,2020-05-01,
101,춘천,2020-06-01,
101,춘천,2020-07-01,
101,춘천,2020-08-01,
101,춘천,2020-09-01,
101,춘천,2020-10-01,
101,춘천,2020-11-01,
101,춘천,2020-12-01,
127,충주,2020-01-01,5.7
127,충주,2020-02-01,4.3
127,충주,2020-03-01,3.8
127,충주,2020-04-01,3.5
127,충주,2020-05-01,5.9
127,충주,2020-06-01,6.0
127,충주,2020-07-01,7.8
127,충주,2020-08-01,7.4
127,충주,2020-09-01,6.2
127,충주,2020-10-01,4.3
127,충주,2020-11-01,4.2
127,충주,2020-12-01,3.8
216,태백,2020-01-01,5.2
216,태백,2020-02-01,4.5
216,태백,2020-03-01,4.1
216,태백,2020-04-01,4.2
216,태백,2020-05-01,5.9
216,태백,2020-06-01,5.8
216,태백,2020-07-01,7.2
216,태백,2020-08-01,7.6
216,태백,2020-09-01,6.6
216,태백,2020-10-01,5.0
216,태백,2020-11-01,3.9
216,태백,2020-12-01,3.2
162,통영,2020-01-01,5.4
162,통영,2020-02-01,4.2
162,통영,2020-03-01,4.1
162,통영,2020-04-01,3.6
162,통영,2020-05-01,5.7
162,통영,2020-06-01,5.8
162,통영,2020-07-01,8.0
162,통영,2020-08-01,5.5
162,통영,2020-09-01,6.3
162,통영,2020-10-01,4.7
162,통영,2020-11-01,4.1
162,통영,2020-12-01,3.5
99,파주,2020-01-01,4.3
99,파주,2020-02-01,4.4
99,파주,2020-03-01,3.5
99,파주,2020-04-01,3.1
99,파주,2020-05-01,6.4
99,파주,2020-06-01,5.6
99,파주,2020-07-01,7.2
99,파주,2020-08-01,7.5
99,파주,2020-09-01,5.6
99,파주,2020-10-01,4.1
99,파주,2020-11-01,3.9
99,파주,2020-12-01,3.4
138,포항,2020-01-01,5.4
138,포항,2020-02-01,4.0
138,포항,2020-03-01,4.0
138,포항,2020-04-01,4.1
138,포항,2020-05-01,5.9
138,포항,2020-06-01,5.6
138,포항,2020-07-01,8.2
138,포항,2020-08-01,6.4
138,포항,2020-09-01,6.4
138,포항,2020-10-01,4.5
138,포항,2020-11-01,3.6
138,포항,2020-12-01,3.0
264,함양군,2020-01-01,5.7
264,함양군,2020-02-01,4.6
264,함양군,2020-03-01,4.2
264,함양군,2020-04-01,3.5
264,함양군,2020-05-01,6.1
264,함양군,2020-06-01,6.1
264,함양군,2020-07-01,7.8
264,함양군,2020-08-01,6.6
264,함양군,2020-09-01,6.5
264,함양군,2020-10-01,5.0
264,함양군,2020-11-01,4.5
264,함양군,2020-12-01,4.4
285,합천,2020-01-01,5.4
285,합천,2020-02-01,4.1
285,합천,2020-03-01,3.9
285,합천,2020-04-01,3.3
285,합천,2020-05-01,5.9
285,합천,2020-06-01,5.9
285,합천,2020-07-01,7.8
285,합천,2020-08-01,6.4
285,합천,2020-09-01,6.1
285,합천,2020-10-01,4.9
285,합천,2020-11-01,3.8
285,합천,2020-12-01,3.6
261,해남,2020-01-01,6.6
261,해남,2020-02-01,5.6
261,해남,2020-03-01,5.0
261,해남,2020-04-01,4.2
261,해남,2020-05-01,6.3
261,해남,2020-06-01,6.4
261,해남,2020-07-01,8.0
261,해남,2020-08-01,5.9
261,해남,2020-09-01,6.3
261,해남,2020-10-01,5.3
261,해남,2020-11-01,5.6
261,해남,2020-12-01,5.1
177,홍성,2020-01-01,6.2
177,홍성,2020-02-01,5.1
177,홍성,2020-03-01,3.7
177,홍성,2020-04-01,3.0
177,홍성,2020-05-01,6.6
177,홍성,2020-06-01,6.3
177,홍성,2020-07-01,8.0
177,홍성,2020-08-01,7.5
177,홍성,2020-09-01,6.0
177,홍성,2020-10-01,4.3
177,홍성,2020-11-01,5.1
177,홍성,2020-12-01,5.1
212,홍천,2020-01-01,5.0
212,홍천,2020-02-01,4.5
212,홍천,2020-03-01,3.8
212,홍천,2020-04-01,3.7
212,홍천,2020-05-01,6.1
212,홍천,2020-06-01,5.5
212,홍천,2020-07-01,7.4
212,홍천,2020-08-01,7.6
212,홍천,2020-09-01,6.4
212,홍천,2020-10-01,4.4
212,홍천,2020-11-01,4.0
212,홍천,2020-12-01,3.5
169,흑산도,2020-01-01,7.7
169,흑산도,2020-02-01,6.2
169,흑산도,2020-03-01,4.4
169,흑산도,2020-04-01,3.7
169,흑산도,2020-05-01,6.5
169,흑산도,2020-06-01,7.1
169,흑산도,2020-07-01,8.1
169,흑산도,2020-08-01,7.6
169,흑산도,2020-09-01,5.9
169,흑산도,2020-10-01,5.4
169,흑산도,2020-11-01,6.0
169,흑산도,2020-12-01,7.2
