지점,지점명,일시,평균기온(°C)
105,강릉,2023-01-01,2.4
105,강릉,2023-02-01,5.2
105,강릉,2023-03-01,12.1
105,강릉,2023-04-01,15.3
105,강릉,2023-05-01,20.3
105,강릉,2023-06-01,23.2
105,강릉,2023-07-01,27.5
105,강릉,2023-08-01,26.2
105,강릉,2023-09-01,22.4
105,강릉,2023-10-01,17.0
105,강릉,2023-11-01,10.5
105,강릉,2023-12-01,3.6
259,강진군,2023-01-01,1.8
259,강진군,2023-02-01,4.0
259,강진군,2023-03-01,10.0
259,강진군,2023-04-01,13.5
259,강진군,2023-05-01,18.3
259,강진군,2023-06-01,22.9
259,강진군,2023-07-01,26.1
259,강진군,2023-08-01,27.6
259,강진군,2023-09-01,24.1
259,강진군,2023-10-01,16.4
259,강진군,2023-11-01,9.9
259,강진군,2023-12-01,4.8
201,강화,2023-01-01,-3.1
201,강화,2023-02-01,0.4
201,강화,2023-03-01,7.1
201,강화,2023-04-01,11.8
201,강화,2023-05-01,16.7
201,강화,2023-06-01,20.9
201,강화,2023-07-01,24.8
201,강화,2023-08-01,25.2
201,강화,2023-09-01,21.9
201,강화,2023-10-01,14.3
201,강화,2023-11-01,5.8
201,강화,2023-12-01,-0.1
294,거제,2023-01-01,3.1
294,거제,2023-02-01,5.8
294,거제,2023-03-01,11.4
294,거제,2023-04-01,14.2
294,거제,2023-05-01,17.7
294,거제,2023-06-01,22.2
294,거제,2023-07-01,25.2
294,거제,2023-08-01,27.1
294,거제,2023-09-01,23.6
294,거제,2023-10-01,16.6
294,거제,2023-11-01,11.0
294,거제,2023-12-01,5.8
284,거창,2023-01-01,-0.9
284,거창,2023-02-01,2.2
284,거창,2023-03-01,9.1
284,거창,2023-04-01,12.5
284,거창,2023-05-01,17.3
284,거창,2023-06-01,22.1
284,거창,2023-07-01,24.9
284,거창,2023-08-01,25.7
284,거창,2023-09-01,21.4
284,거창,2023-10-01,12.8
284,거창,2023-11-01,6.6
284,거창,2023-12-01,1.5
283,경주시,2023-01-01,0.8
283,경주시,2023-02-01,3.8
283,경주시,2023-03-01,10.5
283,경주시,2023-04-01,13.9
283,경주시,2023-05-01,18.2
283,경주시,2023-06-01,23.2
283,경주시,2023-07-01,26.4
283,경주시,2023-08-01,26.9
283,경주시,2023-09-01,22.9
283,경주시,2023-10-01,14.9
283,경주시,2023-11-01,9.0
283,경주시,2023-12-01,3.2
185,고산,2023-01-01,6.8
185,고산,2023-02-01,7.4
185,고산,2023-03-01,11.6
185,고산,2023-04-01,14.6
185,고산,2023-05-01,17.7
185,고산,2023-06-01,21.2
185,고산,2023-07-01,25.7
185,고산,2023-08-01,27.3
185,고산,2023-09-01,24.9
185,고산,2023-10-01,19.0
185,고산,2023-11-01,13.7
185,고산,2023-12-01,9.6
172,고창,2023-01-01,0.3
172,고창,2023-02-01,1.8
172,고창,2023-03-01,8.6
172,고창,2023-04-01,12.9
172,고창,2023-05-01,18.3
172,고창,2023-06-01,22.3
172,고창,2023-07-01,24.5
172,고창,2023-08-01,26.7
172,고창,2023-09-01,22.8
172,고창,2023-10-01,15.1
172,고창,2023-11-01,9.0
172,고창,2023-12-01,3.4
251,고창군,2023-01-01,0.3
251,고창군,2023-02-01,2.1
251,고창군,2023-03-01,9.0
251,고창군,2023-04-01,13.2
251,고창군,2023-05-01,18.4
251,고창군,2023-06-01,22.3
251,고창군,2023-07-01,26.1
251,고창군,2023-08-01,26.9
251,고창군,2023-09-01,23.0
251,고창군,2023-10-01,15.3
251,고창군,2023-11-01,9.0
251,고창군,2023-12-01,3.6
262,고흥,2023-01-01,1.6
262,고흥,2023-02-01,3.8
262,고흥,2023-03-01,9.8
262,고흥,2023-04-01,13.1
262,고흥,2023-05-01,17.2
262,고흥,2023-06-01,21.5
262,고흥,2023-07-01,24.8
262,고흥,2023-08-01,26.2
262,고흥,2023-09-01,23.3
262,고흥,2023-10-01,16.9
262,고흥,2023-11-01,10.7
262,고흥,2023-12-01,5.6
266,광양시,2023-01-01,2.7
266,광양시,2023-02-01,5.5
266,광양시,2023-03-01,11.8
266,광양시,2023-04-01,14.4
266,광양시,2023-05-01,18.5
266,광양시,2023-06-01,23.0
266,광양시,2023-07-01,25.7
266,광양시,2023-08-01,27.8
266,광양시,2023-09-01,24.3
266,광양시,2023-10-01,17.2
266,광양시,2023-11-01,10.3
266,광양시,2023-12-01,5.2
156,광주,2023-01-01,1.7
156,광주,2023-02-01,4.2
156,광주,2023-03-01,11.2
156,광주,2023-04-01,14.7
156,광주,2023-05-01,19.4
156,광주,2023-06-01,23.4
156,광주,2023-07-01,26.3
156,광주,2023-08-01,27.3
156,광주,2023-09-01,23.8
156,광주,2023-10-01,16.6
156,광주,2023-11-01,9.9
156,광주,2023-12-01,4.8
279,구미,2023-01-01,-0.2
279,구미,2023-02-01,3.4
279,구미,2023-03-01,10.9
279,구미,2023-04-01,14.1
279,구미,2023-05-01,19.2
279,구미,2023-06-01,23.7
279,구미,2023-07-01,25.9
279,구미,2023-08-01,27.0
279,구미,2023-09-01,22.8
279,구미,2023-10-01,14.9
279,구미,2023-11-01,8.0
279,구미,2023-12-01,2.6
140,군산,2023-01-01,-0.1
140,군산,2023-02-01,1.9
140,군산,2023-03-01,8.3
140,군산,2023-04-01,12.9
140,군산,2023-05-01,18.2
140,군산,2023-06-01,22.2
140,군산,2023-07-01,25.8
140,군산,2023-08-01,26.9
140,군산,2023-09-01,23.2
140,군산,2023-10-01,15.7
140,군산,2023-11-01,8.6
140,군산,2023-12-01,3.2
238,금산,2023-01-01,-1.9
238,금산,2023-02-01,1.2
238,금산,2023-03-01,8.8
238,금산,2023-04-01,12.7
238,금산,2023-05-01,17.6
238,금산,2023-06-01,22.6
238,금산,2023-07-01,25.2
238,금산,2023-08-01,26.3
238,금산,2023-09-01,21.7
238,금산,2023-10-01,13.1
238,금산,2023-11-01,6.6
238,금산,2023-12-01,1.5
253,김해시,2023-01-01,2.4
253,김해시,2023-02-01,5.4
253,김해시,2023-03-01,11.7
253,김해시,2023-04-01,14.6
253,김해시,2023-05-01,18.1
253,김해시,2023-06-01,22.9
253,김해시,2023-07-01,26.0
253,김해시,2023-08-01,27.8
253,김해시,2023-09-01,24.2
253,김해시,2023-10-01,17.1
253,김해시,2023-11-01,10.6
253,김해시,2023-12-01,5.0
247,남원,2023-01-01,-1.0
247,남원,2023-02-01,1.9
247,남원,2023-03-01,9.1
247,남원,2023-04-01,13.1
247,남원,2023-05-01,18.2
247,남원,2023-06-01,22.9
247,남원,2023-07-01,26.0
247,남원,2023-08-01,27.1
247,남원,2023-09-01,23.2
247,남원,2023-10-01,14.5
247,남원,2023-11-01,7.6
247,남원,2023-12-01,2.9
295,남해,2023-01-01,2.8
295,남해,2023-02-01,5.2
295,남해,2023-03-01,11.1
295,남해,2023-04-01,14.3
295,남해,2023-05-01,18.0
295,남해,2023-06-01,22.5
295,남해,2023-07-01,25.4
295,남해,2023-08-01,27.1
295,남해,2023-09-01,23.8
295,남해,2023-10-01,16.9
295,남해,2023-11-01,10.7
295,남해,2023-12-01,5.4
100,대관령,2023-01-01,-6.3
100,대관령,2023-02-01,-3.2
100,대관령,2023-03-01,4.4
100,대관령,2023-04-01,8.1
100,대관령,2023-05-01,13.5
100,대관령,2023-06-01,17.9
100,대관령,2023-07-01,21.9
100,대관령,2023-08-01,21.4
100,대관령,2023-09-01,17.0
100,대관령,2023-10-01,9.0
100,대관령,2023-11-01,2.7
100,대관령,2023-12-01,-4.1
143,대구,2023-01-01,0.9
143,대구,2023-02-01,4.4
143,대구,2023-03-01,11.8
143,대구,2023-04-01,14.8
143,대구,2023-05-01,19.3
143,대구,2023-06-01,24.0
143,대구,2023-07-01,26.7
143,대구,2023-08-01,27.5
143,대구,2023-09-01,23.5
143,대구,2023-10-01,15.9
143,대구,2023-11-01,9.2
143,대구,2023-12-01,3.5
133,대전,2023-01-01,-0.9
133,대전,2023-02-01,2.4
133,대전,2023-03-01,10.2
133,대전,2023-04-01,13.7
133,대전,2023-05-01,19.0
133,대전,2023-06-01,23.6
133,대전,2023-07-01,25.8
133,대전,2023-08-01,27.0
133,대전,2023-09-01,22.8
133,대전,2023-10-01,15.0
133,대전,2023-11-01,7.6
133,대전,2023-12-01,2.2
98,동두천,2023-01-01,-3.7
98,동두천,2023-02-01,0.6
98,동두천,2023-03-01,8.3
98,동두천,2023-04-01,12.7
98,동두천,2023-05-01,18.0
98,동두천,2023-06-01,22.0
98,동두천,2023-07-01,25.6
98,동두천,2023-08-01,25.6
98,동두천,2023-09-01,21.8
98,동두천,2023-10-01,13.6
98,동두천,2023-11-01,5.4
98,동두천,2023-12-01,-0.5
106,동해,2023-01-01,2.8
106,동해,2023-02-01,4.6
106,동해,2023-03-01,10.6
106,동해,2023-04-01,14.0
106,동해,2023-05-01,17.4
106,동해,2023-06-01,21.5
106,동해,2023-07-01,24.7
106,동해,2023-08-01,24.8
106,동해,2023-09-01,21.7
106,동해,2023-10-01,16.1
106,동해,2023-11-01,10.5
106,동해,2023-12-01,4.3
165,목포,2023-01-01,2.1
165,목포,2023-02-01,3.3
165,목포,2023-03-01,9.3
165,목포,2023-04-01,13.3
165,목포,2023-05-01,18.2
165,목포,2023-06-01,22.2
165,목포,2023-07-01,25.9
165,목포,2023-08-01,27.3
165,목포,2023-09-01,24.0
165,목포,2023-10-01,17.3
165,목포,2023-11-01,10.6
165,목포,2023-12-01,5.2
273,문경,2023-01-01,-1.4
273,문경,2023-02-01,2.4
273,문경,2023-03-01,9.8
273,문경,2023-04-01,12.6
273,문경,2023-05-01,17.8
273,문경,2023-06-01,22.4
273,문경,2023-07-01,25.1
273,문경,2023-08-01,26.0
273,문경,2023-09-01,21.7
273,문경,2023-10-01,13.7
273,문경,2023-11-01,6.9
273,문경,2023-12-01,1.2
288,밀양,2023-01-01,1.0
288,밀양,2023-02-01,4.4
288,밀양,2023-03-01,11.0
288,밀양,2023-04-01,14.5
288,밀양,2023-05-01,18.8
288,밀양,2023-06-01,23.5
288,밀양,2023-07-01,26.6
288,밀양,2023-08-01,27.8
288,밀양,2023-09-01,23.9
288,밀양,2023-10-01,15.5
288,밀양,2023-11-01,9.2
288,밀양,2023-12-01,3.7
102,백령도,2023-01-01,-0.1
102,백령도,2023-02-01,1.9
102,백령도,2023-03-01,6.0
102,백령도,2023-04-01,10.5
102,백령도,2023-05-01,15.1
102,백령도,2023-06-01,19.5
102,백령도,2023-07-01,23.9
102,백령도,2023-08-01,24.6
102,백령도,2023-09-01,21.9
102,백령도,2023-10-01,16.5
102,백령도,2023-11-01,7.9
102,백령도,2023-12-01,2.2
235,보령,2023-01-01,0.2
235,보령,2023-02-01,2.1
235,보령,2023-03-01,8.3
235,보령,2023-04-01,12.7
235,보령,2023-05-01,17.9
235,보령,2023-06-01,21.8
235,보령,2023-07-01,25.7
235,보령,2023-08-01,26.8
235,보령,2023-09-01,23.1
235,보령,2023-10-01,15.9
235,보령,2023-11-01,8.9
235,보령,2023-12-01,3.6
258,보성군,2023-01-01,2.1
258,보성군,2023-02-01,4.6
258,보성군,2023-03-01,10.2
258,보성군,2023-04-01,13.4
258,보성군,2023-05-01,18.1
258,보성군,2023-06-01,23.0
258,보성군,2023-07-01,25.8
258,보성군,2023-08-01,27.5
258,보성군,2023-09-01,24.0
258,보성군,2023-10-01,16.3
258,보성군,2023-11-01,9.8
258,보성군,2023-12-01,4.6
226,보은,2023-01-01,-2.5
226,보은,2023-02-01,1.1
226,보은,2023-03-01,8.3
226,보은,2023-04-01,12.4
226,보은,2023-05-01,17.4
226,보은,2023-06-01,22.1
226,보은,2023-07-01,24.8
226,보은,2023-08-01,25.8
226,보은,2023-09-01,21.4
226,보은,2023-10-01,12.9
226,보은,2023-11-01,6.2
226,보은,2023-12-01,1.0
271,봉화,2023-01-01,-2.4
271,봉화,2023-02-01,1.2
271,봉화,2023-03-01,7.4
271,봉화,2023-04-01,10.9
271,봉화,2023-05-01,15.8
271,봉화,2023-06-01,20.4
271,봉화,2023-07-01,23.5
271,봉화,2023-08-01,24.4
271,봉화,2023-09-01,20.3
271,봉화,2023-10-01,11.4
271,봉화,2023-11-01,5.6
271,봉화,2023-12-01,0.2
159,부산,2023-01-01,3.8
159,부산,2023-02-01,6.8
159,부산,2023-03-01,12.3
159,부산,2023-04-01,14.6
159,부산,2023-05-01,17.9
159,부산,2023-06-01,22.5
159,부산,2023-07-01,25.5
159,부산,2023-08-01,27.8
159,부산,2023-09-01,24.5
159,부산,2023-10-01,18.3
159,부산,2023-11-01,11.8
159,부산,2023-12-01,6.4
243,부안,2023-01-01,0.7
243,부안,2023-02-01,2.4
243,부안,2023-03-01,8.9
243,부안,2023-04-01,13.3
243,부안,2023-05-01,18.6
243,부안,2023-06-01,22.6
243,부안,2023-07-01,26.1
243,부안,2023-08-01,27.0
243,부안,2023-09-01,23.1
243,부안,2023-10-01,16.0
243,부안,2023-11-01,9.2
243,부안,2023-12-01,3.9
236,부여,2023-01-01,-1.1
236,부여,2023-02-01,1.8
236,부여,2023-03-01,8.7
236,부여,2023-04-01,13.2
236,부여,2023-05-01,18.4
236,부여,2023-06-01,23.0
236,부여,2023-07-01,25.8
236,부여,2023-08-01,26.9
236,부여,2023-09-01,22.8
236,부여,2023-10-01,14.5
236,부여,2023-11-01,7.5
236,부여,2023-12-01,2.3
104,북강릉,2023-01-01,1.1
104,북강릉,2023-02-01,3.5
104,북강릉,2023-03-01,9.9
104,북강릉,2023-04-01,13.3
104,북강릉,2023-05-01,17.9
104,북강릉,2023-06-01,22.0
104,북강릉,2023-07-01,25.6
104,북강릉,2023-08-01,24.7
104,북강릉,2023-09-01,21.1
104,북강릉,2023-10-01,15.7
104,북강릉,2023-11-01,9.3
104,북강릉,2023-12-01,2.8
296,북부산,2023-01-01,5.1
296,북부산,2023-02-01,5.1
296,북부산,2023-03-01,11.2
296,북부산,2023-04-01,14.5
296,북부산,2023-05-01,18.0
296,북부산,2023-06-01,22.9
296,북부산,2023-07-01,26.1
296,북부산,2023-08-01,27.9
296,북부산,2023-09-01,24.3
296,북부산,2023-10-01,16.3
296,북부산,2023-11-01,10.1
296,북부산,2023-12-01,4.6
255,북창원,2023-01-01,2.6
255,북창원,2023-02-01,5.6
255,북창원,2023-03-01,12.0
255,북창원,2023-04-01,15.3
255,북창원,2023-05-01,19.3
255,북창원,2023-06-01,23.8
255,북창원,2023-07-01,26.9
255,북창원,2023-08-01,28.5
255,북창원,2023-09-01,24.8
255,북창원,2023-10-01,17.4
255,북창원,2023-11-01,11.0
255,북창원,2023-12-01,5.6
93,북춘천,2023-01-01,-5.2
93,북춘천,2023-02-01,-0.5
93,북춘천,2023-03-01,7.4
93,북춘천,2023-04-01,12.1
93,북춘천,2023-05-01,17.7
93,북춘천,2023-06-01,22.4
93,북춘천,2023-07-01,26.0
93,북춘천,2023-08-01,26.1
93,북춘천,2023-09-01,21.8
93,북춘천,2023-10-01,12.3
93,북춘천,2023-11-01,4.6
93,북춘천,2023-12-01,-1.6
289,산청,2023-01-01,0.3
289,산청,2023-02-01,2.8
289,산청,2023-03-01,9.7
289,산청,2023-04-01,13.2
289,산청,2023-05-01,17.8
289,산청,2023-06-01,22.7
289,산청,2023-07-01,25.3
289,산청,2023-08-01,26.8
289,산청,2023-09-01,22.6
289,산청,2023-10-01,14.4
289,산청,2023-11-01,8.2
289,산청,2023-12-01,2.6
137,상주,2023-01-01,-1.1
137,상주,2023-02-01,2.8
137,상주,2023-03-01,10.3
137,상주,2023-04-01,13.5
137,상주,2023-05-01,18.8
137,상주,2023-06-01,23.5
137,상주,2023-07-01,25.8
137,상주,2023-08-01,26.9
137,상주,2023-09-01,22.5
137,상주,2023-10-01,14.6
137,상주,2023-11-01,7.3
137,상주,2023-12-01,1.6
189,서귀포,2023-01-01,7.4
189,서귀포,2023-02-01,9.4
189,서귀포,2023-03-01,13.5
189,서귀포,2023-04-01,15.8
189,서귀포,2023-05-01,18.8
189,서귀포,2023-06-01,22.6
189,서귀포,2023-07-01,26.2
189,서귀포,2023-08-01,28.0
189,서귀포,2023-09-01,25.8
189,서귀포,2023-10-01,19.9
189,서귀포,2023-11-01,14.5
189,서귀포,2023-12-01,9.9
129,서산,2023-01-01,-1.3
129,서산,2023-02-01,1.1
129,서산,2023-03-01,7.6
129,서산,2023-04-01,12.5
129,서산,2023-05-01,17.9
129,서산,2023-06-01,22.1
129,서산,2023-07-01,25.8
129,서산,2023-08-01,26.6
129,서산,2023-09-01,22.8
129,서산,2023-10-01,15.0
129,서산,2023-11-01,7.6
129,서산,2023-12-01,2.1
108,서울,2023-01-01,-1.5
108,서울,2023-02-01,2.3
108,서울,2023-03-01,9.8
108,서울,2023-04-01,13.8
108,서울,2023-05-01,19.5
108,서울,2023-06-01,23.4
108,서울,2023-07-01,26.7
108,서울,2023-08-01,27.2
108,서울,2023-09-01,23.7
108,서울,2023-10-01,15.8
108,서울,2023-11-01,6.8
108,서울,2023-12-01,1.1
181,서청주,2023-05-01,18.6
181,서청주,2023-06-01,23.3
181,서청주,2023-07-01,25.7
181,서청주,2023-08-01,26.2
181,서청주,2023-09-01,21.9
181,서청주,2023-10-01,13.6
181,서청주,2023-11-01,6.5
181,서청주,2023-12-01,0.8
188,성산,2023-01-01,5.8
188,성산,2023-02-01,7.3
188,성산,2023-03-01,12.2
188,성산,2023-04-01,15.0
188,성산,2023-05-01,18.2
188,성산,2023-06-01,22.3
188,성산,2023-07-01,26.5
188,성산,2023-08-01,27.7
188,성산,2023-09-01,25.4
188,성산,2023-10-01,18.4
188,성산,2023-11-01,13.0
188,성산,2023-12-01,8.7
239,세종,2023-01-01,-1.2
239,세종,2023-02-01,2.0
239,세종,2023-03-01,9.6
239,세종,2023-04-01,13.3
239,세종,2023-05-01,18.5
239,세종,2023-06-01,23.1
239,세종,2023-07-01,25.6
239,세종,2023-08-01,26.7
239,세종,2023-09-01,22.7
239,세종,2023-10-01,14.8
239,세종,2023-11-01,7.6
239,세종,2023-12-01,2.3
90,속초,2023-01-01,0.2
90,속초,2023-02-01,2.7
90,속초,2023-03-01,9.3
90,속초,2023-04-01,12.6
90,속초,2023-05-01,17.0
90,속초,2023-06-01,21.9
90,속초,2023-07-01,25.8
90,속초,2023-08-01,24.7
90,속초,2023-09-01,21.7
90,속초,2023-10-01,16.4
90,속초,2023-11-01,8.8
90,속초,2023-12-01,2.3
119,수원,2023-01-01,-2.1
119,수원,2023-02-01,1.6
119,수원,2023-03-01,8.5
119,수원,2023-04-01,13.0
119,수원,2023-05-01,18.3
119,수원,2023-06-01,22.4
119,수원,2023-07-01,25.9
119,수원,2023-08-01,26.7
119,수원,2023-09-01,23.1
119,수원,2023-10-01,14.9
119,수원,2023-11-01,6.7
119,수원,2023-12-01,1.1
254,순창군,2023-01-01,-0.7
254,순창군,2023-02-01,2.1
254,순창군,2023-03-01,9.3
254,순창군,2023-04-01,13.2
254,순창군,2023-05-01,18.2
254,순창군,2023-06-01,22.6
254,순창군,2023-07-01,25.8
254,순창군,2023-08-01,26.9
254,순창군,2023-09-01,23.0
254,순창군,2023-10-01,14.2
254,순창군,2023-11-01,7.7
254,순창군,2023-12-01,2.7
174,순천,2023-01-01,0.4
174,순천,2023-02-01,3.2
174,순천,2023-03-01,9.3
174,순천,2023-04-01,12.5
174,순천,2023-05-01,17.2
174,순천,2023-06-01,21.8
174,순천,2023-07-01,24.8
174,순천,2023-08-01,26.0
174,순천,2023-09-01,22.1
174,순천,2023-10-01,13.9
174,순천,2023-11-01,7.8
174,순천,2023-12-01,3.0
136,안동,2023-01-01,-1.9
136,안동,2023-02-01,2.1
136,안동,2023-03-01,9.7
136,안동,2023-04-01,12.9
136,안동,2023-05-01,18.3
136,안동,2023-06-01,22.7
136,안동,2023-07-01,25.5
136,안동,2023-08-01,26.9
136,안동,2023-09-01,22.3
136,안동,2023-10-01,13.6
136,안동,2023-11-01,6.6
136,안동,2023-12-01,0.9
257,양산시,2023-01-01,2.9
257,양산시,2023-02-01,6.0
257,양산시,2023-03-01,11.9
257,양산시,2023-04-01,15.2
257,양산시,2023-05-01,18.7
257,양산시,2023-06-01,23.6
257,양산시,2023-07-01,26.8
257,양산시,2023-08-01,28.4
257,양산시,2023-09-01,24.6
257,양산시,2023-10-01,17.2
257,양산시,2023-11-01,11.1
257,양산시,2023-12-01,5.2
202,양평,2023-01-01,-2.6
202,양평,2023-02-01,1.7
202,양평,2023-03-01,9.1
202,양평,2023-04-01,13.2
202,양평,2023-05-01,18.5
202,양평,2023-06-01,22.9
202,양평,2023-07-01,25.6
202,양평,2023-08-01,26.3
202,양평,2023-09-01,22.3
202,양평,2023-10-01,13.5
202,양평,2023-11-01,6.3
202,양평,2023-12-01,0.2
168,여수,2023-01-01,3.2
168,여수,2023-02-01,5.6
168,여수,2023-03-01,11.2
168,여수,2023-04-01,14.3
168,여수,2023-05-01,17.9
168,여수,2023-06-01,22.2
168,여수,2023-07-01,25.0
168,여수,2023-08-01,27.5
168,여수,2023-09-01,24.7
168,여수,2023-10-01,18.0
168,여수,2023-11-01,10.9
168,여수,2023-12-01,5.7
252,영광군,2023-01-01,0.7
252,영광군,2023-02-01,2.2
252,영광군,2023-03-01,8.7
252,영광군,2023-04-01,12.8
252,영광군,2023-05-01,18.1
252,영광군,2023-06-01,22.2
252,영광군,2023-07-01,25.9
252,영광군,2023-08-01,26.9
252,영광군,2023-09-01,23.1
252,영광군,2023-10-01,15.7
252,영광군,2023-11-01,9.4
252,영광군,2023-12-01,3.7
277,영덕,2023-01-01,1.5
277,영덕,2023-02-01,4.2
277,영덕,2023-03-01,10.2
277,영덕,2023-04-01,13.3
277,영덕,2023-05-01,17.2
277,영덕,2023-06-01,21.7
277,영덕,2023-07-01,24.8
277,영덕,2023-08-01,25.3
277,영덕,2023-09-01,21.9
277,영덕,2023-10-01,15.3
277,영덕,2023-11-01,9.6
277,영덕,2023-12-01,3.7
121,영월,2023-01-01,-2.8
121,영월,2023-02-01,1.4
121,영월,2023-03-01,8.7
121,영월,2023-04-01,12.4
121,영월,2023-05-01,17.4
121,영월,2023-06-01,21.9
121,영월,2023-07-01,24.7
121,영월,2023-08-01,25.4
121,영월,2023-09-01,21.3
121,영월,2023-10-01,12.5
121,영월,2023-11-01,5.9
121,영월,2023-12-01,0.0
272,영주,2023-01-01,-2.1
272,영주,2023-02-01,1.7
272,영주,2023-03-01,8.7
272,영주,2023-04-01,11.9
272,영주,2023-05-01,17.1
272,영주,2023-06-01,21.6
272,영주,2023-07-01,24.5
272,영주,2023-08-01,25.3
272,영주,2023-09-01,21.2
272,영주,2023-10-01,12.5
272,영주,2023-11-01,6.0
272,영주,2023-12-01,0.2
281,영천,2023-01-01,-0.1
281,영천,2023-02-01,3.0
281,영천,2023-03-01,10.1
281,영천,2023-04-01,13.6
281,영천,2023-05-01,18.0
281,영천,2023-06-01,22.7
281,영천,2023-07-01,25.7
281,영천,2023-08-01,26.4
281,영천,2023-09-01,22.4
281,영천,2023-10-01,14.3
281,영천,2023-11-01,8.0
281,영천,2023-12-01,2.5
170,완도,2023-01-01,3.5
170,완도,2023-02-01,5.1
170,완도,2023-03-01,10.9
170,완도,2023-04-01,14.2
170,완도,2023-05-01,18.3
170,완도,2023-06-01,22.6
170,완도,2023-07-01,25.7
170,완도,2023-08-01,27.3
170,완도,2023-09-01,24.5
170,완도,2023-10-01,17.8
170,완도,2023-11-01,11.3
170,완도,2023-12-01,6.4
115,울릉도,2023-01-01,2.6
115,울릉도,2023-02-01,3.9
115,울릉도,2023-03-01,9.9
115,울릉도,2023-04-01,12.6
115,울릉도,2023-05-01,17.1
115,울릉도,2023-06-01,21.8
115,울릉도,2023-07-01,24.9
115,울릉도,2023-08-01,26.8
115,울릉도,2023-09-01,22.3
115,울릉도,2023-10-01,16.8
115,울릉도,2023-11-01,11.2
115,울릉도,2023-12-01,5.3
152,울산,2023-01-01,2.6
152,울산,2023-02-01,5.2
152,울산,2023-03-01,11.4
152,울산,2023-04-01,14.1
152,울산,2023-05-01,17.8
152,울산,2023-06-01,22.3
152,울산,2023-07-01,25.8
152,울산,2023-08-01,26.5
152,울산,2023-09-01,22.9
152,울산,2023-10-01,16.4
152,울산,2023-11-01,10.4
152,울산,2023-12-01,4.9
130,울진,2023-01-01,2.1
130,울진,2023-02-01,3.9
130,울진,2023-03-01,10.0
130,울진,2023-04-01,13.6
130,울진,2023-05-01,16.9
130,울진,2023-06-01,21.2
130,울진,2023-07-01,24.2
130,울진,2023-08-01,25.4
130,울진,2023-09-01,22.3
130,울진,2023-10-01,15.6
130,울진,2023-11-01,10.0
130,울진,2023-12-01,3.9
114,원주,2023-01-01,-2.3
114,원주,2023-02-01,1.9
114,원주,2023-03-01,9.5
114,원주,2023-04-01,13.5
114,원주,2023-05-01,18.6
114,원주,2023-06-01,23.1
114,원주,2023-07-01,25.9
114,원주,2023-08-01,26.7
114,원주,2023-09-01,22.7
114,원주,2023-10-01,13.9
114,원주,2023-11-01,6.9
114,원주,2023-12-01,1.0
263,의령군,2023-01-01,0.2
263,의령군,2023-02-01,3.5
263,의령군,2023-03-01,9.9
263,의령군,2023-04-01,13.9
263,의령군,2023-05-01,18.5
263,의령군,2023-06-01,23.6
263,의령군,2023-07-01,26.5
263,의령군,2023-08-01,27.7
263,의령군,2023-09-01,23.8
263,의령군,2023-10-01,14.8
263,의령군,2023-11-01,8.7
263,의령군,2023-12-01,3.4
278,의성,2023-01-01,-2.7
278,의성,2023-02-01,1.3
278,의성,2023-03-01,8.8
278,의성,2023-04-01,12.6
278,의성,2023-05-01,17.8
278,의성,2023-06-01,22.5
278,의성,2023-07-01,25.7
278,의성,2023-08-01,26.9
278,의성,2023-09-01,22.3
278,의성,2023-10-01,13.0
278,의성,2023-11-01,6.2
278,의성,2023-12-01,0.5
203,이천,2023-01-01,-2.7
203,이천,2023-02-01,1.6
203,이천,2023-03-01,9.2
203,이천,2023-04-01,13.2
203,이천,2023-05-01,18.6
203,이천,2023-06-01,23.1
203,이천,2023-07-01,25.9
203,이천,2023-08-01,26.4
203,이천,2023-09-01,22.2
203,이천,2023-10-01,13.3
203,이천,2023-11-01,6.2
203,이천,2023-12-01,0.0
211,인제,2023-01-01,-4.6
211,인제,2023-02-01,-0.3
211,인제,2023-03-01,7.4
211,인제,2023-04-01,12.0
211,인제,2023-05-01,17.0
211,인제,2023-06-01,21.7
211,인제,2023-07-01,25.4
211,인제,2023-08-01,25.1
211,인제,2023-09-01,20.9
211,인제,2023-10-01,12.3
211,인제,2023-11-01,5.6
211,인제,2023-12-01,-1.0
112,인천,2023-01-01,-1.6
112,인천,2023-02-01,1.6
112,인천,2023-03-01,8.1
112,인천,2023-04-01,12.7
112,인천,2023-05-01,18.0
112,인천,2023-06-01,21.8
112,인천,2023-07-01,25.7
112,인천,2023-08-01,26.6
112,인천,2023-09-01,23.5
112,인천,2023-10-01,16.3
112,인천,2023-11-01,6.9
112,인천,2023-12-01,1.2
244,임실,2023-01-01,-1.2
244,임실,2023-02-01,1.6
244,임실,2023-03-01,8.7
244,임실,2023-04-01,12.5
244,임실,2023-05-01,17.4
244,임실,2023-06-01,21.8
244,임실,2023-07-01,25.0
244,임실,2023-08-01,25.9
244,임실,2023-09-01,22.0
244,임실,2023-10-01,13.6
244,임실,2023-11-01,7.2
244,임실,2023-12-01,2.5
248,장수,2023-01-01,-2.6
248,장수,2023-02-01,0.3
248,장수,2023-03-01,7.6
248,장수,2023-04-01,11.4
248,장수,2023-05-01,16.4
248,장수,2023-06-01,21.2
248,장수,2023-07-01,24.3
248,장수,2023-08-01,24.9
248,장수,2023-09-01,20.8
248,장수,2023-10-01,12.0
248,장수,2023-11-01,6.0
248,장수,2023-12-01,1.1
260,장흥,2023-01-01,1.2
260,장흥,2023-02-01,3.5
260,장흥,2023-03-01,9.6
260,장흥,2023-04-01,13.1
260,장흥,2023-05-01,17.7
260,장흥,2023-06-01,22.5
260,장흥,2023-07-01,25.7
260,장흥,2023-08-01,26.9
260,장흥,2023-09-01,23.5
260,장흥,2023-10-01,15.3
260,장흥,2023-11-01,9.3
260,장흥,2023-12-01,4.4
146,전주,2023-01-01,0.8
146,전주,2023-02-01,3.0
146,전주,2023-03-01,10.2
146,전주,2023-04-01,14.2
146,전주,2023-05-01,19.4
146,전주,2023-06-01,23.3
146,전주,2023-07-01,26.5
146,전주,2023-08-01,27.5
146,전주,2023-09-01,23.7
146,전주,2023-10-01,16.1
146,전주,2023-11-01,9.0
146,전주,2023-12-01,4.1
217,정선군,2023-01-01,-4.1
217,정선군,2023-02-01,0.2
217,정선군,2023-03-01,7.6
217,정선군,2023-04-01,11.1
217,정선군,2023-05-01,16.3
217,정선군,2023-06-01,21.2
217,정선군,2023-07-01,24.9
217,정선군,2023-08-01,25.4
217,정선군,2023-09-01,20.8
217,정선군,2023-10-01,11.4
217,정선군,2023-11-01,4.6
217,정선군,2023-12-01,-2.0
245,정읍,2023-01-01,0.2
245,정읍,2023-02-01,1.9
245,정읍,2023-03-01,9.1
245,정읍,2023-04-01,13.2
245,정읍,2023-05-01,18.7
245,정읍,2023-06-01,22.8
245,정읍,2023-07-01,26.2
245,정읍,2023-08-01,26.9
245,정읍,2023-09-01,23.0
245,정읍,2023-10-01,15.6
245,정읍,2023-11-01,9.0
245,정읍,2023-12-01,3.8
184,제주,2023-01-01,6.8
184,제주,2023-02-01,7.7
184,제주,2023-03-01,12.3
184,제주,2023-04-01,15.5
184,제주,2023-05-01,19.1
184,제주,2023-06-01,23.4
184,제주,2023-07-01,28.1
184,제주,2023-08-01,28.8
184,제주,2023-09-01,25.5
184,제주,2023-10-01,19.4
184,제주,2023-11-01,13.7
184,제주,2023-12-01,9.4
221,제천,2023-01-01,-4.5
221,제천,2023-02-01,-0.2
221,제천,2023-03-01,7.1
221,제천,2023-04-01,11.2
221,제천,2023-05-01,16.9
221,제천,2023-06-01,21.6
221,제천,2023-07-01,24.5
221,제천,2023-08-01,25.0
221,제천,2023-09-01,20.9
221,제천,2023-10-01,11.3
221,제천,2023-11-01,4.7
221,제천,2023-12-01,-1.3
268,진도군,2023-01-01,2.2
268,진도군,2023-02-01,3.5
268,진도군,2023-03-01,9.0
268,진도군,2023-04-01,12.8
268,진도군,2023-05-01,17.4
268,진도군,2023-06-01,21.6
268,진도군,2023-07-01,25.7
268,진도군,2023-08-01,26.7
268,진도군,2023-09-01,23.5
268,진도군,2023-10-01,16.3
268,진도군,2023-11-01,10.7
268,진도군,2023-12-01,5.6
192,진주,2023-01-01,0.6
192,진주,2023-02-01,3.9
192,진주,2023-03-01,10.2
192,진주,2023-04-01,13.5
192,진주,2023-05-01,17.7
192,진주,2023-06-01,22.7
192,진주,2023-07-01,25.6
192,진주,2023-08-01,27.3
192,진주,2023-09-01,23.5
192,진주,2023-10-01,15.1
192,진주,2023-11-01,9.0
192,진주,2023-12-01,3.5
155,창원,2023-01-01,2.0
155,창원,2023-02-01,4.9
155,창원,2023-03-01,10.9
155,창원,2023-04-01,14.1
155,창원,2023-05-01,18.0
155,창원,2023-06-01,22.5
155,창원,2023-07-01,25.7
155,창원,2023-08-01,27.7
155,창원,2023-09-01,24.1
155,창원,2023-10-01,17.0
155,창원,2023-11-01,10.3
155,창원,2023-12-01,4.7
232,천안,2023-01-01,-2.2
232,천안,2023-02-01,1.2
232,천안,2023-03-01,8.6
232,천안,2023-04-01,12.9
232,천안,2023-05-01,18.0
232,천안,2023-06-01,22.6
232,천안,2023-07-01,25.4
232,천안,2023-08-01,26.2
232,천안,2023-09-01,22.2
232,천안,2023-10-01,13.7
232,천안,2023-11-01,6.7
232,천안,2023-12-01,1.2
95,철원,2023-01-01,-5.8
95,철원,2023-02-01,-0.9
95,철원,2023-03-01,6.7
95,철원,2023-04-01,11.7
95,철원,2023-05-01,17.4
95,철원,2023-06-01,21.7
95,철원,2023-07-01,25.4
95,철원,2023-08-01,25.1
95,철원,2023-09-01,21.3
95,철원,2023-10-01,12.4
95,철원,2023-11-01,4.3
95,철원,2023-12-01,-1.9
276,청송군,2023-01-01,-3.2
276,청송군,2023-02-01,0.5
276,청송군,2023-03-01,7.7
276,청송군,2023-04-01,11.3
276,청송군,2023-05-01,16.5
276,청송군,2023-06-01,21.5
276,청송군,2023-07-01,24.9
276,청송군,2023-08-01,25.9
276,청송군,2023-09-01,21.4
276,청송군,2023-10-01,12.0
276,청송군,2023-11-01,5.6
276,청송군,2023-12-01,0.0
131,청주,2023-01-01,-0.6
131,청주,2023-02-01,2.8
131,청주,2023-03-01,10.8
131,청주,2023-04-01,14.7
131,청주,2023-05-01,20.0
131,청주,2023-06-01,24.4
131,청주,2023-07-01,27.1
131,청주,2023-08-01,28.0
131,청주,2023-09-01,24.0
131,청주,2023-10-01,16.1
131,청주,2023-11-01,8.3
131,청주,2023-12-01,2.5
135,추풍령,2023-01-01,-1.7
135,추풍령,2023-02-01,1.7
135,추풍령,2023-03-01,9.0
135,추풍령,2023-04-01,12.4
135,추풍령,2023-05-01,17.3
135,추풍령,2023-06-01,21.8
135,추풍령,2023-07-01,24.6
135,추풍령,2023-08-01,25.6
135,추풍령,2023-09-01,21.3
135,추풍령,2023-10-01,13.5
135,추풍령,2023-11-01,6.5
135,추풍령,2023-12-01,1.0
101,춘천,2023-01-01,-4.1
101,춘천,2023-02-01,0.3
101,춘천,2023-03-01,8.0
101,춘천,2023-04-01,12.5
101,춘천,2023-05-01,18.0
101,춘천,2023-06-01,22.5
101,춘천,2023-07-01,25.9
101,춘천,2023-08-01,26.0
101,춘천,2023-09-01,21.9
101,춘천,2023-10-01,12.9
101,춘천,2023-11-01,5.2
101,춘천,2023-12-01,-0.8
127,충주,2023-01-01,-3.1
127,충주,2023-02-01,0.9
127,충주,2023-03-01,8.6
127,충주,2023-04-01,13.0
127,충주,2023-05-01,18.4
127,충주,2023-06-01,22.8
127,충주,2023-07-01,25.9
127,충주,2023-08-01,26.5
127,충주,2023-09-01,22.4
127,충주,2023-10-01,13.0
127,충주,2023-11-01,6.0
127,충주,2023-12-01,0.3
216,태백,2023-01-01,-4.4
216,태백,2023-02-01,-1.7
216,태백,2023-03-01,5.9
216,태백,2023-04-01,9.5
216,태백,2023-05-01,14.5
216,태백,2023-06-01,19.4
216,태백,2023-07-01,23.0
216,태백,2023-08-01,22.6
216,태백,2023-09-01,18.2
216,태백,2023-10-01,10.3
216,태백,2023-11-01,4.5
216,태백,2023-12-01,-1.9
162,통영,2023-01-01,3.5
162,통영,2023-02-01,6.2
162,통영,2023-03-01,11.4
162,통영,2023-04-01,14.4
162,통영,2023-05-01,17.5
162,통영,2023-06-01,22.0
162,통영,2023-07-01,24.9
162,통영,2023-08-01,27.4
162,통영,2023-09-01,24.2
162,통영,2023-10-01,17.5
162,통영,2023-11-01,11.2
162,통영,2023-12-01,6.0
99,파주,2023-01-01,-4.5
99,파주,2023-02-01,-0.4
99,파주,2023-03-01,6.8
99,파주,2023-04-01,11.8
99,파주,2023-05-01,17.2
99,파주,2023-06-01,21.5
99,파주,2023-07-01,25.2
99,파주,2023-08-01,25.2
99,파주,2023-09-01,21.6
99,파주,2023-10-01,12.9
99,파주,2023-11-01,4.7
99,파주,2023-12-01,-1.1
138,포항,2023-01-01,2.7
138,포항,2023-02-01,5.6
138,포항,2023-03-01,12.1
138,포항,2023-04-01,15.0
138,포항,2023-05-01,19.0
138,포항,2023-06-01,23.2
138,포항,2023-07-01,26.6
138,포항,2023-08-01,27.0
138,포항,2023-09-01,23.8
138,포항,2023-10-01,17.3
138,포항,2023-11-01,10.9
138,포항,2023-12-01,5.0
264,함양군,2023-01-01,-0.1
264,함양군,2023-02-01,2.6
264,함양군,2023-03-01,9.4
264,함양군,2023-04-01,12.9
264,함양군,2023-05-01,17.9
264,함양군,2023-06-01,22.9
264,함양군,2023-07-01,25.6
264,함양군,2023-08-01,27.0
264,함양군,2023-09-01,22.7
264,함양군,2023-10-01,14.1
264,함양군,2023-11-01,8.0
264,함양군,2023-12-01,2.5
285,합천,2023-01-01,-0.1
285,합천,2023-02-01,3.4
285,합천,2023-03-01,10.5
285,합천,2023-04-01,14.0
285,합천,2023-05-01,18.4
285,합천,2023-06-01,23.2
285,합천,2023-07-01,25.8
285,합천,2023-08-01,27.0
285,합천,2023-09-01,23.1
285,합천,2023-10-01,15.1
285,합천,2023-11-01,8.7
285,합천,2023-12-01,3.2
261,해남,2023-01-01,1.7
261,해남,2023-02-01,3.2
261,해남,2023-03-01,9.2
261,해남,2023-04-01,13.2
261,해남,2023-05-01,18.0
261,해남,2023-06-01,22.3
261,해남,2023-07-01,26.0
261,해남,2023-08-01,26.9
261,해남,2023-09-01,23.7
261,해남,2023-10-01,15.9
261,해남,2023-11-01,10.2
261,해남,2023-12-01,5.1
177,홍성,2023-01-01,-1.1
177,홍성,2023-02-01,1.5
177,홍성,2023-03-01,8.5
177,홍성,2023-04-01,13.1
177,홍성,2023-05-01,18.5
177,홍성,2023-06-01,22.8
177,홍성,2023-07-01,26.0
177,홍성,2023-08-01,26.5
177,홍성,2023-09-01,22.7
177,홍성,2023-10-01,15.2
177,홍성,2023-11-01,8.0
177,홍성,2023-12-01,2.2
212,홍천,2023-01-01,-4.4
212,홍천,2023-02-01,0.2
212,홍천,2023-03-01,8.0
212,홍천,2023-04-01,12.4
212,홍천,2023-05-01,17.7
212,홍천,2023-06-01,22.3
212,홍천,2023-07-01,25.5
212,홍천,2023-08-01,25.7
212,홍천,2023-09-01,21.5
212,홍천,2023-10-01,12.3
212,홍천,2023-11-01,4.9
212,홍천,2023-12-01,-1.1
169,흑산도,2023-01-01,4.2
169,흑산도,2023-02-01,4.4
169,흑산도,2023-03-01,8.3
169,흑산도,2023-04-01,11.8
169,흑산도,2023-05-01,15.6
169,흑산도,2023-06-01,19.8
169,흑산도,2023-07-01,23.1
169,흑산도,2023-08-01,25.5
169,흑산도,2023-09-01,22.7
169,흑산도,2023-10-01,17.7
169,흑산도,2023-11-01,11.6
169,흑산도,2023-12-01,7.0
