지점,지점명,일시,합계 일사량(MJ/m2)
90,속초,2022-01,504.22
90,속초,2022-02,534.15
90,속초,2022-03,436.05
90,속초,2022-04,579.6
90,속초,2022-05,658.4
90,속초,2022-06,400.35
90,속초,2022-07,338.85
90,속초,2022-08,0.0
90,속초,2022-09,461.84
90,속초,2022-10,371.85
90,속초,2022-11,453.0
90,속초,2022-12,515.58
93,북춘천,2022-01,314.35
93,북춘천,2022-02,380.96
93,북춘천,2022-03,427.61
93,북춘천,2022-04,620.33
93,북춘천,2022-05,716.21
93,북춘천,2022-06,497.81
93,북춘천,2022-07,582.61
93,북춘천,2022-08,421.2
93,북춘천,2022-09,496.4
93,북춘천,2022-10,382.09
93,북춘천,2022-11,275.44
93,북춘천,2022-12,275.54
95,철원,2022-01,297.08
95,철원,2022-02,354.47
95,철원,2022-03,427.41
95,철원,2022-04,623.21
95,철원,2022-05,751.88
95,철원,2022-06,492.74
95,철원,2022-07,573.17
95,철원,2022-08,455.87
95,철원,2022-09,500.53
95,철원,2022-10,383.41
95,철원,2022-11,271.46
95,철원,2022-12,255.07
98,동두천,2022-01,291.73
98,동두천,2022-02,358.65
98,동두천,2022-03,420.72
98,동두천,2022-04,597.77
98,동두천,2022-05,715.03
98,동두천,2022-06,457.51
98,동두천,2022-07,534.41
98,동두천,2022-08,419.33
98,동두천,2022-09,483.74
98,동두천,2022-10,390.33
98,동두천,2022-11,275.56
98,동두천,2022-12,260.87
99,파주,2022-01,300.18
99,파주,2022-02,359.52
99,파주,2022-03,420.08
99,파주,2022-04,615.58
99,파주,2022-05,724.48
99,파주,2022-06,462.03
99,파주,2022-07,546.57
99,파주,2022-08,458.58
99,파주,2022-09,486.17
99,파주,2022-10,393.27
99,파주,2022-11,274.56
99,파주,2022-12,278.45
100,대관령,2022-01,338.91
100,대관령,2022-02,417.09
100,대관령,2022-03,475.59
100,대관령,2022-04,630.56
100,대관령,2022-05,750.69
100,대관령,2022-06,533.66
100,대관령,2022-07,563.54
100,대관령,2022-08,428.34
100,대관령,2022-09,458.29
100,대관령,2022-10,366.8
100,대관령,2022-11,321.04
100,대관령,2022-12,298.2
101,춘천,2022-01,281.03
101,춘천,2022-02,357.96
101,춘천,2022-03,410.29
101,춘천,2022-04,597.63
101,춘천,2022-05,699.14
101,춘천,2022-06,491.59
101,춘천,2022-07,559.64
101,춘천,2022-08,426.66
101,춘천,2022-09,457.96
101,춘천,2022-10,354.56
101,춘천,2022-11,258.62
101,춘천,2022-12,230.9
102,백령도,2022-01,285.68
102,백령도,2022-02,345.94
102,백령도,2022-03,467.53
102,백령도,2022-04,637.17
102,백령도,2022-05,708.6
102,백령도,2022-06,464.8
102,백령도,2022-07,613.71
102,백령도,2022-08,535.72
102,백령도,2022-09,534.24
102,백령도,2022-10,457.36
102,백령도,2022-11,256.85
102,백령도,2022-12,212.79
104,북강릉,2022-01,302.22
104,북강릉,2022-02,396.95
104,북강릉,2022-03,420.32
104,북강릉,2022-04,595.05
104,북강릉,2022-05,719.79
104,북강릉,2022-06,530.29
104,북강릉,2022-07,507.58
104,북강릉,2022-08,416.99
104,북강릉,2022-09,474.09
104,북강릉,2022-10,330.84
104,북강릉,2022-11,299.58
104,북강릉,2022-12,300.25
105,강릉,2022-01,316.46
105,강릉,2022-02,407.82
105,강릉,2022-03,436.39
105,강릉,2022-04,608.19
105,강릉,2022-05,686.93
105,강릉,2022-06,521.63
105,강릉,2022-07,501.77
105,강릉,2022-08,412.6
105,강릉,2022-09,490.88
105,강릉,2022-10,357.53
105,강릉,2022-11,271.9
105,강릉,2022-12,204.7
106,동해,2022-01,495.92
106,동해,2022-02,521.89
106,동해,2022-03,455.71
106,동해,2022-04,548.76
106,동해,2022-05,605.39
106,동해,2022-06,404.13
106,동해,2022-07,363.56
106,동해,2022-08,0.0
106,동해,2022-09,432.81
106,동해,2022-10,371.13
106,동해,2022-11,435.15
106,동해,2022-12,494.84
108,서울,2022-01,301.7
108,서울,2022-02,376.05
108,서울,2022-03,425.4
108,서울,2022-04,615.24
108,서울,2022-05,764.61
108,서울,2022-06,440.59
108,서울,2022-07,508.79
108,서울,2022-08,402.81
108,서울,2022-09,496.22
108,서울,2022-10,420.22
108,서울,2022-11,298.77
108,서울,2022-12,275.5
112,인천,2022-01,306.16
112,인천,2022-02,371.2
112,인천,2022-03,426.06
112,인천,2022-04,616.66
112,인천,2022-05,738.78
112,인천,2022-06,475.95
112,인천,2022-07,610.83
112,인천,2022-08,461.63
112,인천,2022-09,494.58
112,인천,2022-10,430.67
112,인천,2022-11,297.93
112,인천,2022-12,266.23
114,원주,2022-01,302.73
114,원주,2022-02,376.09
114,원주,2022-03,416.05
114,원주,2022-04,600.8
114,원주,2022-05,722.39
114,원주,2022-06,523.84
114,원주,2022-07,547.95
114,원주,2022-08,406.94
114,원주,2022-09,483.99
114,원주,2022-10,386.91
114,원주,2022-11,299.66
114,원주,2022-12,260.53
115,울릉도,2022-01,223.92
115,울릉도,2022-02,251.49
115,울릉도,2022-03,430.54
115,울릉도,2022-04,632.96
115,울릉도,2022-05,791.31
115,울릉도,2022-06,586.19
115,울릉도,2022-07,545.68
115,울릉도,2022-08,483.05
115,울릉도,2022-09,459.66
115,울릉도,2022-10,356.23
115,울릉도,2022-11,287.24
115,울릉도,2022-12,170.24
119,수원,2022-01,302.75
119,수원,2022-02,369.63
119,수원,2022-03,411.98
119,수원,2022-04,593.27
119,수원,2022-05,731.25
119,수원,2022-06,465.63
119,수원,2022-07,543.26
119,수원,2022-08,413.62
119,수원,2022-09,470.32
119,수원,2022-10,408.29
119,수원,2022-11,284.86
119,수원,2022-12,257.28
121,영월,2022-01,466.89
121,영월,2022-02,502.78
121,영월,2022-03,423.43
121,영월,2022-04,544.61
121,영월,2022-05,588.98
121,영월,2022-06,404.31
121,영월,2022-07,409.54
121,영월,2022-08,0.0
121,영월,2022-09,407.02
121,영월,2022-10,381.41
121,영월,2022-11,403.59
121,영월,2022-12,401.61
127,충주,2022-01,293.83
127,충주,2022-02,365.92
127,충주,2022-03,406.57
127,충주,2022-04,613.94
127,충주,2022-05,755.72
127,충주,2022-06,555.56
127,충주,2022-07,528.94
127,충주,2022-08,404.34
127,충주,2022-09,496.31
127,충주,2022-10,392.43
127,충주,2022-11,280.53
127,충주,2022-12,228.0
129,서산,2022-01,308.72
129,서산,2022-02,361.22
129,서산,2022-03,423.03
129,서산,2022-04,620.57
129,서산,2022-05,777.46
129,서산,2022-06,494.71
129,서산,2022-07,583.08
129,서산,2022-08,438.53
129,서산,2022-09,485.48
129,서산,2022-10,414.51
129,서산,2022-11,296.48
129,서산,2022-12,229.88
130,울진,2022-01,524.96
130,울진,2022-02,533.25
130,울진,2022-03,462.38
130,울진,2022-04,548.4
130,울진,2022-05,628.11
130,울진,2022-06,425.95
130,울진,2022-07,396.56
130,울진,2022-08,368.97
130,울진,2022-09,392.05
130,울진,2022-10,397.1
130,울진,2022-11,470.68
130,울진,2022-12,0.0
131,청주,2022-01,303.44
131,청주,2022-02,385.29
131,청주,2022-03,419.78
131,청주,2022-04,629.81
131,청주,2022-05,795.09
131,청주,2022-06,556.06
131,청주,2022-07,579.59
131,청주,2022-08,432.69
131,청주,2022-09,512.29
131,청주,2022-10,425.84
131,청주,2022-11,298.1
131,청주,2022-12,229.95
133,대전,2022-01,318.31
133,대전,2022-02,384.48
133,대전,2022-03,419.36
133,대전,2022-04,614.78
133,대전,2022-05,770.32
133,대전,2022-06,566.31
133,대전,2022-07,542.22
133,대전,2022-08,424.22
133,대전,2022-09,495.28
133,대전,2022-10,442.24
133,대전,2022-11,309.14
133,대전,2022-12,246.74
135,추풍령,2022-01,331.26
135,추풍령,2022-02,407.35
135,추풍령,2022-03,440.26
135,추풍령,2022-04,623.47
135,추풍령,2022-05,780.95
135,추풍령,2022-06,599.84
135,추풍령,2022-07,539.66
135,추풍령,2022-08,450.23
135,추풍령,2022-09,467.29
135,추풍령,2022-10,426.19
135,추풍령,2022-11,316.47
135,추풍령,2022-12,258.23
136,안동,2022-01,329.75
136,안동,2022-02,419.4
136,안동,2022-03,450.57
136,안동,2022-04,623.55
136,안동,2022-05,782.6
136,안동,2022-06,627.27
136,안동,2022-07,573.45
136,안동,2022-08,456.31
136,안동,2022-09,444.43
136,안동,2022-10,428.97
136,안동,2022-11,317.24
136,안동,2022-12,285.88
137,상주,2022-01,323.47
137,상주,2022-02,398.94
137,상주,2022-03,424.83
137,상주,2022-04,603.36
137,상주,2022-05,777.02
137,상주,2022-06,606.7
137,상주,2022-07,538.92
137,상주,2022-08,432.79
137,상주,2022-09,449.55
137,상주,2022-10,416.34
137,상주,2022-11,309.33
137,상주,2022-12,267.59
138,포항,2022-01,333.37
138,포항,2022-02,398.62
138,포항,2022-03,445.52
138,포항,2022-04,592.84
138,포항,2022-05,753.7
138,포항,2022-06,602.96
138,포항,2022-07,512.67
138,포항,2022-08,443.18
138,포항,2022-09,384.73
138,포항,2022-10,387.81
138,포항,2022-11,317.29
138,포항,2022-12,307.88
140,군산,2022-01,466.89
140,군산,2022-02,496.28
140,군산,2022-03,361.21
140,군산,2022-04,543.17
140,군산,2022-05,638.75
140,군산,2022-06,413.87
140,군산,2022-07,416.21
140,군산,2022-08,330.56
140,군산,2022-09,438.4
140,군산,2022-10,487.09
140,군산,2022-11,441.1
140,군산,2022-12,376.18
143,대구,2022-01,350.35
143,대구,2022-02,416.9
143,대구,2022-03,479.66
143,대구,2022-04,614.53
143,대구,2022-05,774.85
143,대구,2022-06,603.39
143,대구,2022-07,569.6
143,대구,2022-08,449.78
143,대구,2022-09,453.26
143,대구,2022-10,457.38
143,대구,2022-11,330.4
143,대구,2022-12,298.9
146,전주,2022-01,298.1
146,전주,2022-02,371.59
146,전주,2022-03,406.05
146,전주,2022-04,604.45
146,전주,2022-05,727.04
146,전주,2022-06,530.29
146,전주,2022-07,510.14
146,전주,2022-08,420.24
146,전주,2022-09,467.82
146,전주,2022-10,446.51
146,전주,2022-11,301.31
146,전주,2022-12,244.64
152,울산,2022-01,518.64
152,울산,2022-02,532.17
152,울산,2022-03,475.91
152,울산,2022-04,560.3
152,울산,2022-05,668.32
152,울산,2022-06,501.51
152,울산,2022-07,426.13
152,울산,2022-08,386.64
152,울산,2022-09,337.41
152,울산,2022-10,471.22
152,울산,2022-11,474.64
152,울산,2022-12,498.45
155,창원,2022-01,317.99
155,창원,2022-02,399.01
155,창원,2022-03,438.43
155,창원,2022-04,577.33
155,창원,2022-05,727.23
155,창원,2022-06,529.93
155,창원,2022-07,594.59
155,창원,2022-08,460.29
155,창원,2022-09,411.18
155,창원,2022-10,437.05
155,창원,2022-11,306.5
155,창원,2022-12,279.3
156,광주,2022-01,327.51
156,광주,2022-02,395.79
156,광주,2022-03,434.2
156,광주,2022-04,647.3
156,광주,2022-05,770.49
156,광주,2022-06,570.73
156,광주,2022-07,552.07
156,광주,2022-08,454.3
156,광주,2022-09,483.16
156,광주,2022-10,459.57
156,광주,2022-11,336.75
156,광주,2022-12,275.78
159,부산,2022-01,369.0
159,부산,2022-02,446.81
159,부산,2022-03,479.0
159,부산,2022-04,611.32
159,부산,2022-05,796.12
159,부산,2022-06,554.45
159,부산,2022-07,622.11
159,부산,2022-08,524.39
159,부산,2022-09,435.03
159,부산,2022-10,459.77
159,부산,2022-11,331.73
159,부산,2022-12,332.4
162,통영,2022-01,512.87
162,통영,2022-02,502.41
162,통영,2022-03,415.67
162,통영,2022-04,498.81
162,통영,2022-05,627.39
162,통영,2022-06,395.66
162,통영,2022-07,516.12
162,통영,2022-08,431.54
162,통영,2022-09,393.49
162,통영,2022-10,524.42
162,통영,2022-11,470.86
162,통영,2022-12,513.42
165,목포,2022-01,314.34
165,목포,2022-02,366.03
165,목포,2022-03,447.57
165,목포,2022-04,636.79
165,목포,2022-05,752.24
165,목포,2022-06,565.37
165,목포,2022-07,591.94
165,목포,2022-08,515.05
165,목포,2022-09,469.23
165,목포,2022-10,476.03
165,목포,2022-11,321.68
165,목포,2022-12,264.96
168,여수,2022-01,367.34
168,여수,2022-02,435.37
168,여수,2022-03,487.09
168,여수,2022-04,606.55
168,여수,2022-05,755.52
168,여수,2022-06,542.17
168,여수,2022-07,610.48
168,여수,2022-08,521.76
168,여수,2022-09,462.82
168,여수,2022-10,496.18
168,여수,2022-11,336.28
168,여수,2022-12,304.51
169,흑산도,2022-01,252.91
169,흑산도,2022-02,335.78
169,흑산도,2022-03,455.39
169,흑산도,2022-04,606.59
169,흑산도,2022-05,708.93
169,흑산도,2022-06,480.09
169,흑산도,2022-07,507.45
169,흑산도,2022-08,453.66
169,흑산도,2022-09,389.63
169,흑산도,2022-10,397.76
169,흑산도,2022-11,286.25
169,흑산도,2022-12,209.91
170,완도,2022-01,432.08
170,완도,2022-02,457.51
170,완도,2022-03,434.97
170,완도,2022-04,497.73
170,완도,2022-05,596.91
170,완도,2022-06,432.81
170,완도,2022-07,456.61
170,완도,2022-08,303.87
170,완도,2022-09,355.08
170,완도,2022-10,542.99
170,완도,2022-11,420.18
170,완도,2022-12,0.22
172,고창,2022-01,319.71
172,고창,2022-02,386.39
172,고창,2022-03,446.68
172,고창,2022-04,643.51
172,고창,2022-05,782.1
172,고창,2022-06,589.25
172,고창,2022-07,579.39
172,고창,2022-08,507.23
172,고창,2022-09,472.34
172,고창,2022-10,478.75
172,고창,2022-11,324.11
172,고창,2022-12,267.67
174,순천,2022-01,460.04
174,순천,2022-02,453.18
174,순천,2022-03,418.92
174,순천,2022-04,508.19
174,순천,2022-05,584.11
174,순천,2022-06,354.36
174,순천,2022-07,385.02
174,순천,2022-08,305.31
174,순천,2022-09,371.49
174,순천,2022-10,506.02
174,순천,2022-11,435.33
174,순천,2022-12,406.84
177,홍성,2022-01,306.13
177,홍성,2022-02,361.57
177,홍성,2022-03,419.95
177,홍성,2022-04,619.48
177,홍성,2022-05,778.65
177,홍성,2022-06,514.4
177,홍성,2022-07,559.15
177,홍성,2022-08,427.66
177,홍성,2022-09,469.67
177,홍성,2022-10,418.64
177,홍성,2022-11,283.25
177,홍성,2022-12,234.19
184,제주,2022-01,193.02
184,제주,2022-02,253.06
184,제주,2022-03,409.19
184,제주,2022-04,599.27
184,제주,2022-05,653.49
184,제주,2022-06,611.4
184,제주,2022-07,622.55
184,제주,2022-08,598.05
184,제주,2022-09,362.34
184,제주,2022-10,410.5
184,제주,2022-11,271.26
184,제주,2022-12,137.02
185,고산,2022-01,250.23
185,고산,2022-02,290.4
185,고산,2022-03,407.52
185,고산,2022-04,585.05
185,고산,2022-05,650.8
185,고산,2022-06,515.65
185,고산,2022-07,593.74
185,고산,2022-08,540.24
185,고산,2022-09,410.16
185,고산,2022-10,434.36
185,고산,2022-11,300.41
185,고산,2022-12,179.74
188,성산,2022-01,362.66
188,성산,2022-02,328.75
188,성산,2022-03,398.18
188,성산,2022-04,486.36
188,성산,2022-05,516.66
188,성산,2022-06,297.92
188,성산,2022-07,387.9
188,성산,2022-08,459.68
188,성산,2022-09,309.46
188,성산,2022-10,418.38
188,성산,2022-11,407.74
188,성산,2022-12,287.46
189,서귀포,2022-01,415.13
189,서귀포,2022-02,407.2
189,서귀포,2022-03,418.92
189,서귀포,2022-04,490.33
189,서귀포,2022-05,529.1
189,서귀포,2022-06,340.65
189,서귀포,2022-07,460.04
189,서귀포,2022-08,489.43
189,서귀포,2022-09,384.48
189,서귀포,2022-10,481.86
189,서귀포,2022-11,443.08
189,서귀포,2022-12,361.57
192,진주,2022-01,353.67
192,진주,2022-02,426.8
192,진주,2022-03,478.65
192,진주,2022-04,611.62
192,진주,2022-05,759.86
192,진주,2022-06,574.17
192,진주,2022-07,595.94
192,진주,2022-08,481.28
192,진주,2022-09,443.05
192,진주,2022-10,432.77
192,진주,2022-11,335.4
192,진주,2022-12,318.29
201,강화,2022-01,466.89
201,강화,2022-02,476.81
201,강화,2022-03,409.0
201,강화,2022-04,529.46
201,강화,2022-05,593.48
201,강화,2022-06,324.97
201,강화,2022-07,404.85
201,강화,2022-08,345.16
201,강화,2022-09,479.51
201,강화,2022-10,494.66
201,강화,2022-11,407.38
201,강화,2022-12,443.45
202,양평,2022-01,423.61
202,양평,2022-02,434.25
202,양평,2022-03,380.33
202,양평,2022-04,539.92
202,양평,2022-05,598.89
202,양평,2022-06,347.15
202,양평,2022-07,385.56
202,양평,2022-08,299.9
202,양평,2022-09,424.33
202,양평,2022-10,424.69
202,양평,2022-11,390.07
202,양평,2022-12,404.85
203,이천,2022-01,449.4
203,이천,2022-02,458.41
203,이천,2022-03,378.71
203,이천,2022-04,521.71
203,이천,2022-05,566.25
203,이천,2022-06,348.59
203,이천,2022-07,326.95
203,이천,2022-08,275.19
203,이천,2022-09,390.07
203,이천,2022-10,399.8
203,이천,2022-11,386.1
203,이천,2022-12,393.13
211,인제,2022-01,410.26
211,인제,2022-02,411.71
211,인제,2022-03,381.41
211,인제,2022-04,515.58
211,인제,2022-05,539.38
211,인제,2022-06,332.0
211,인제,2022-07,357.43
211,인제,2022-08,223.44
211,인제,2022-09,391.15
211,인제,2022-10,339.21
211,인제,2022-11,362.47
211,인제,2022-12,379.43
212,홍천,2022-01,354.9
212,홍천,2022-02,406.66
212,홍천,2022-03,390.97
212,홍천,2022-04,546.78
212,홍천,2022-05,570.58
212,홍천,2022-06,358.33
212,홍천,2022-07,364.64
212,홍천,2022-08,283.31
212,홍천,2022-09,390.43
212,홍천,2022-10,350.03
212,홍천,2022-11,343.9
212,홍천,2022-12,314.33
216,태백,2022-01,422.71
216,태백,2022-02,433.17
216,태백,2022-03,433.35
216,태백,2022-04,500.61
216,태백,2022-05,574.73
216,태백,2022-06,385.2
216,태백,2022-07,377.8
216,태백,2022-08,0.0
216,태백,2022-09,360.13
216,태백,2022-10,333.98
216,태백,2022-11,376.72
216,태백,2022-12,398.36
217,정선군,2022-01,382.67
217,정선군,2022-02,415.13
217,정선군,2022-03,356.16
217,정선군,2022-04,465.63
217,정선군,2022-05,526.76
217,정선군,2022-06,354.36
217,정선군,2022-07,361.03
217,정선군,2022-08,257.7
217,정선군,2022-09,310.36
217,정선군,2022-10,293.41
217,정선군,2022-11,341.38
217,정선군,2022-12,326.05
221,제천,2022-01,480.77
221,제천,2022-02,494.12
221,제천,2022-03,414.77
221,제천,2022-04,544.79
221,제천,2022-05,618.37
221,제천,2022-06,372.21
221,제천,2022-07,385.92
221,제천,2022-08,280.24
221,제천,2022-09,403.95
221,제천,2022-10,0.0
221,제천,2022-11,434.07
221,제천,2022-12,412.97
226,보은,2022-01,475.54
226,보은,2022-02,465.63
226,보은,2022-03,401.43
226,보은,2022-04,533.43
226,보은,2022-05,634.96
226,보은,2022-06,406.84
226,보은,2022-07,374.38
226,보은,2022-08,297.92
226,보은,2022-09,410.62
226,보은,2022-10,451.56
226,보은,2022-11,421.81
226,보은,2022-12,379.79
232,천안,2022-01,482.4
232,천안,2022-02,460.4
232,천안,2022-03,401.61
232,천안,2022-04,546.24
232,천안,2022-05,654.08
232,천안,2022-06,386.64
232,천안,2022-07,389.89
232,천안,2022-08,298.64
232,천안,2022-09,433.71
232,천안,2022-10,449.22
232,천안,2022-11,421.44
232,천안,2022-12,394.57
235,보령,2022-01,438.76
235,보령,2022-02,468.51
235,보령,2022-03,403.05
235,보령,2022-04,519.19
235,보령,2022-05,626.85
235,보령,2022-06,382.67
235,보령,2022-07,432.44
235,보령,2022-08,242.55
235,보령,2022-09,371.85
235,보령,2022-10,356.34
235,보령,2022-11,440.74
235,보령,2022-12,369.51
236,부여,2022-01,463.64
236,부여,2022-02,463.46
236,부여,2022-03,404.13
236,부여,2022-04,543.71
236,부여,2022-05,651.01
236,부여,2022-06,389.34
236,부여,2022-07,401.43
236,부여,2022-08,322.44
236,부여,2022-09,424.87
236,부여,2022-10,474.64
236,부여,2022-11,422.17
236,부여,2022-12,382.85
238,금산,2022-01,464.9
238,금산,2022-02,468.15
238,금산,2022-03,410.44
238,금산,2022-04,539.92
238,금산,2022-05,646.32
238,금산,2022-06,422.17
238,금산,2022-07,398.72
238,금산,2022-08,309.46
238,금산,2022-09,399.8
238,금산,2022-10,381.41
238,금산,2022-11,421.08
238,금산,2022-12,354.9
239,세종,2022-01,449.04
239,세종,2022-02,464.0
239,세종,2022-03,393.13
239,세종,2022-04,530.73
239,세종,2022-05,637.49
239,세종,2022-06,423.61
239,세종,2022-07,426.85
239,세종,2022-08,336.51
239,세종,2022-09,402.69
239,세종,2022-10,458.05
239,세종,2022-11,404.31
239,세종,2022-12,371.31
243,부안,2022-01,398.36
243,부안,2022-02,438.58
243,부안,2022-03,406.48
243,부안,2022-04,537.94
243,부안,2022-05,635.14
243,부안,2022-06,427.03
243,부안,2022-07,419.64
243,부안,2022-08,364.64
243,부안,2022-09,379.43
243,부안,2022-10,498.99
243,부안,2022-11,408.82
243,부안,2022-12,342.64
244,임실,2022-01,397.28
244,임실,2022-02,427.22
244,임실,2022-03,399.26
244,임실,2022-04,538.66
244,임실,2022-05,620.17
244,임실,2022-06,388.26
244,임실,2022-07,376.36
244,임실,2022-08,295.21
244,임실,2022-09,388.62
244,임실,2022-10,493.76
244,임실,2022-11,388.44
244,임실,2022-12,328.39
245,정읍,2022-01,413.51
245,정읍,2022-02,438.04
245,정읍,2022-03,419.28
245,정읍,2022-04,558.86
245,정읍,2022-05,632.08
245,정읍,2022-06,435.87
245,정읍,2022-07,0.0
245,정읍,2022-08,0.6
245,정읍,2022-09,412.07
245,정읍,2022-10,514.86
245,정읍,2022-11,425.59
245,정읍,2022-12,366.26
247,남원,2022-01,447.77
247,남원,2022-02,448.31
247,남원,2022-03,416.03
247,남원,2022-04,544.07
247,남원,2022-05,633.16
247,남원,2022-06,422.17
247,남원,2022-07,395.3
247,남원,2022-08,316.67
247,남원,2022-09,405.39
247,남원,2022-10,518.1
247,남원,2022-11,450.48
247,남원,2022-12,383.93
248,장수,2022-01,418.92
248,장수,2022-02,422.71
248,장수,2022-03,396.92
248,장수,2022-04,526.76
248,장수,2022-05,614.76
248,장수,2022-06,387.9
248,장수,2022-07,374.38
248,장수,2022-08,0.4
248,장수,2022-09,356.88
248,장수,2022-10,472.12
248,장수,2022-11,421.62
248,장수,2022-12,349.85
251,고창군,2022-01,310.28
251,고창군,2022-02,371.31
251,고창군,2022-03,427.1
251,고창군,2022-04,629.67
251,고창군,2022-05,738.2
251,고창군,2022-06,566.92
251,고창군,2022-07,536.88
251,고창군,2022-08,462.24
251,고창군,2022-09,470.93
251,고창군,2022-10,462.34
251,고창군,2022-11,313.51
251,고창군,2022-12,248.36
252,영광군,2022-01,305.86
252,영광군,2022-02,365.24
252,영광군,2022-03,436.59
252,영광군,2022-04,640.84
252,영광군,2022-05,774.28
252,영광군,2022-06,575.35
252,영광군,2022-07,576.64
252,영광군,2022-08,511.58
252,영광군,2022-09,473.67
252,영광군,2022-10,467.28
252,영광군,2022-11,313.26
252,영광군,2022-12,239.64
253,김해시,2022-01,353.8
253,김해시,2022-02,432.85
253,김해시,2022-03,468.92
253,김해시,2022-04,584.29
253,김해시,2022-05,770.14
253,김해시,2022-06,530.38
253,김해시,2022-07,572.46
253,김해시,2022-08,472.34
253,김해시,2022-09,426.46
253,김해시,2022-10,433.42
253,김해시,2022-11,335.38
253,김해시,2022-12,308.54
254,순창군,2022-01,321.76
254,순창군,2022-02,396.07
254,순창군,2022-03,442.3
254,순창군,2022-04,619.01
254,순창군,2022-05,774.66
254,순창군,2022-06,566.79
254,순창군,2022-07,546.04
254,순창군,2022-08,460.11
254,순창군,2022-09,467.73
254,순창군,2022-10,473.0
254,순창군,2022-11,319.75
254,순창군,2022-12,252.61
255,북창원,2022-01,349.37
255,북창원,2022-02,434.2
255,북창원,2022-03,467.75
255,북창원,2022-04,595.3
255,북창원,2022-05,749.1
255,북창원,2022-06,545.93
255,북창원,2022-07,541.36
255,북창원,2022-08,458.39
255,북창원,2022-09,413.17
255,북창원,2022-10,437.18
255,북창원,2022-11,315.49
255,북창원,2022-12,292.12
257,양산시,2022-01,350.8
257,양산시,2022-02,396.33
257,양산시,2022-03,470.56
257,양산시,2022-04,596.0
257,양산시,2022-05,774.95
257,양산시,2022-06,533.62
257,양산시,2022-07,532.18
257,양산시,2022-08,478.66
257,양산시,2022-09,415.82
257,양산시,2022-10,425.96
257,양산시,2022-11,324.7
257,양산시,2022-12,293.51
258,보성군,2022-01,351.55
258,보성군,2022-02,423.48
258,보성군,2022-03,480.58
258,보성군,2022-04,603.79
258,보성군,2022-05,759.25
258,보성군,2022-06,570.95
258,보성군,2022-07,602.0
258,보성군,2022-08,500.17
258,보성군,2022-09,465.26
258,보성군,2022-10,506.96
258,보성군,2022-11,338.1
258,보성군,2022-12,304.32
259,강진군,2022-01,331.91
259,강진군,2022-02,392.57
259,강진군,2022-03,454.73
259,강진군,2022-04,610.22
259,강진군,2022-05,737.42
259,강진군,2022-06,531.26
259,강진군,2022-07,571.05
259,강진군,2022-08,473.95
259,강진군,2022-09,467.4
259,강진군,2022-10,484.52
259,강진군,2022-11,323.22
259,강진군,2022-12,264.38
260,장흥,2022-01,461.12
260,장흥,2022-02,480.41
260,장흥,2022-03,428.12
260,장흥,2022-04,513.6
260,장흥,2022-05,619.27
260,장흥,2022-06,391.33
260,장흥,2022-07,449.76
260,장흥,2022-08,342.28
260,장흥,2022-09,402.33
260,장흥,2022-10,545.51
260,장흥,2022-11,440.74
260,장흥,2022-12,407.92
261,해남,2022-01,462.92
261,해남,2022-02,463.1
261,해남,2022-03,418.92
261,해남,2022-04,526.22
261,해남,2022-05,613.5
261,해남,2022-06,405.57
261,해남,2022-07,481.5
261,해남,2022-08,364.1
261,해남,2022-09,401.43
261,해남,2022-10,537.58
261,해남,2022-11,433.35
261,해남,2022-12,403.95
262,고흥,2022-01,456.79
262,고흥,2022-02,471.22
262,고흥,2022-03,436.59
262,고흥,2022-04,492.68
262,고흥,2022-05,585.19
262,고흥,2022-06,389.71
262,고흥,2022-07,450.3
262,고흥,2022-08,364.1
262,고흥,2022-09,381.05
262,고흥,2022-10,525.14
262,고흥,2022-11,416.39
262,고흥,2022-12,409.36
263,의령군,2022-01,351.0
263,의령군,2022-02,428.21
263,의령군,2022-03,488.51
263,의령군,2022-04,592.55
263,의령군,2022-05,760.45
263,의령군,2022-06,576.01
263,의령군,2022-07,571.05
263,의령군,2022-08,475.17
263,의령군,2022-09,450.55
263,의령군,2022-10,482.0
263,의령군,2022-11,334.48
263,의령군,2022-12,323.73
264,함양군,2022-01,351.07
264,함양군,2022-02,413.45
264,함양군,2022-03,478.64
264,함양군,2022-04,629.06
264,함양군,2022-05,791.13
264,함양군,2022-06,605.72
264,함양군,2022-07,591.16
264,함양군,2022-08,487.96
264,함양군,2022-09,420.31
264,함양군,2022-10,458.1
264,함양군,2022-11,324.47
264,함양군,2022-12,289.47
266,광양시,2022-01,347.27
266,광양시,2022-02,411.23
266,광양시,2022-03,478.87
266,광양시,2022-04,596.36
266,광양시,2022-05,733.43
266,광양시,2022-06,549.91
266,광양시,2022-07,571.64
266,광양시,2022-08,465.01
266,광양시,2022-09,464.46
266,광양시,2022-10,480.41
266,광양시,2022-11,326.89
266,광양시,2022-12,286.58
268,진도군,2022-01,379.97
268,진도군,2022-02,348.05
268,진도군,2022-03,402.69
268,진도군,2022-04,518.28
268,진도군,2022-05,606.65
268,진도군,2022-06,359.59
268,진도군,2022-07,443.26
268,진도군,2022-08,329.47
268,진도군,2022-09,368.07
268,진도군,2022-10,498.81
268,진도군,2022-11,409.18
268,진도군,2022-12,326.41
271,봉화,2022-01,470.13
271,봉화,2022-02,467.79
271,봉화,2022-03,420.18
271,봉화,2022-04,531.09
271,봉화,2022-05,601.24
271,봉화,2022-06,391.15
271,봉화,2022-07,355.62
271,봉화,2022-08,284.03
271,봉화,2022-09,362.29
271,봉화,2022-10,358.15
271,봉화,2022-11,415.85
271,봉화,2022-12,425.23
272,영주,2022-01,472.66
272,영주,2022-02,495.92
272,영주,2022-03,420.36
272,영주,2022-04,538.66
272,영주,2022-05,631.71
272,영주,2022-06,425.59
272,영주,2022-07,385.38
272,영주,2022-08,309.64
272,영주,2022-09,387.9
272,영주,2022-10,423.61
272,영주,2022-11,434.97
272,영주,2022-12,411.17
273,문경,2022-01,451.02
273,문경,2022-02,494.48
273,문경,2022-03,427.4
273,문경,2022-04,541.01
273,문경,2022-05,636.94
273,문경,2022-06,437.67
273,문경,2022-07,363.74
273,문경,2022-08,314.87
273,문경,2022-09,377.44
273,문경,2022-10,453.36
273,문경,2022-11,435.15
273,문경,2022-12,382.13
276,청송군,2022-01,342.98
276,청송군,2022-02,412.74
276,청송군,2022-03,457.59
276,청송군,2022-04,623.45
276,청송군,2022-05,772.11
276,청송군,2022-06,606.65
276,청송군,2022-07,559.08
276,청송군,2022-08,447.95
276,청송군,2022-09,449.03
276,청송군,2022-10,406.78
276,청송군,2022-11,321.25
276,청송군,2022-12,286.45
277,영덕,2022-01,490.69
277,영덕,2022-02,511.25
277,영덕,2022-03,461.3
277,영덕,2022-04,549.84
277,영덕,2022-05,631.53
277,영덕,2022-06,473.02
277,영덕,2022-07,353.46
277,영덕,2022-08,347.15
277,영덕,2022-09,360.67
277,영덕,2022-10,412.07
277,영덕,2022-11,441.28
277,영덕,2022-12,447.23
278,의성,2022-01,470.86
278,의성,2022-02,488.89
278,의성,2022-03,417.84
278,의성,2022-04,526.4
278,의성,2022-05,639.11
278,의성,2022-06,449.94
278,의성,2022-07,368.07
278,의성,2022-08,293.77
278,의성,2022-09,346.61
278,의성,2022-10,437.49
278,의성,2022-11,424.51
278,의성,2022-12,410.62
279,구미,2022-01,439.3
279,구미,2022-02,489.25
279,구미,2022-03,415.85
279,구미,2022-04,540.83
279,구미,2022-05,631.71
279,구미,2022-06,469.41
279,구미,2022-07,423.07
279,구미,2022-08,354.36
279,구미,2022-09,379.79
279,구미,2022-10,0.0
279,구미,2022-11,434.79
279,구미,2022-12,384.48
281,영천,2022-01,440.02
281,영천,2022-02,466.89
281,영천,2022-03,445.25
281,영천,2022-04,537.94
281,영천,2022-05,636.4
281,영천,2022-06,329.47
281,영천,2022-07,378.52
281,영천,2022-08,348.95
281,영천,2022-09,351.47
281,영천,2022-10,446.15
281,영천,2022-11,411.35
281,영천,2022-12,403.05
283,경주시,2022-01,343.92
283,경주시,2022-02,414.39
283,경주시,2022-03,457.33
283,경주시,2022-04,604.94
283,경주시,2022-05,788.89
283,경주시,2022-06,593.91
283,경주시,2022-07,521.09
283,경주시,2022-08,472.61
283,경주시,2022-09,384.06
283,경주시,2022-10,398.95
283,경주시,2022-11,328.11
283,경주시,2022-12,315.1
284,거창,2022-01,498.27
284,거창,2022-02,507.46
284,거창,2022-03,464.36
284,거창,2022-04,514.68
284,거창,2022-05,568.6
284,거창,2022-06,455.71
284,거창,2022-07,443.81
284,거창,2022-08,355.98
284,거창,2022-09,366.62
284,거창,2022-10,503.14
284,거창,2022-11,480.95
284,거창,2022-12,454.45
285,합천,2022-01,461.3
285,합천,2022-02,516.84
285,합천,2022-03,444.53
285,합천,2022-04,531.99
285,합천,2022-05,643.08
285,합천,2022-06,438.94
285,합천,2022-07,324.24
285,합천,2022-08,339.03
285,합천,2022-09,341.92
285,합천,2022-10,491.77
285,합천,2022-11,422.71
285,합천,2022-12,424.51
288,밀양,2022-01,435.33
288,밀양,2022-02,514.32
288,밀양,2022-03,457.87
288,밀양,2022-04,527.3
288,밀양,2022-05,621.26
288,밀양,2022-06,441.1
288,밀양,2022-07,426.67
288,밀양,2022-08,342.1
288,밀양,2022-09,400.71
288,밀양,2022-10,502.41
288,밀양,2022-11,450.48
288,밀양,2022-12,444.71
289,산청,2022-01,430.1
289,산청,2022-02,466.17
289,산청,2022-03,443.81
289,산청,2022-04,523.15
289,산청,2022-05,619.81
289,산청,2022-06,423.97
289,산청,2022-07,416.76
289,산청,2022-08,337.05
289,산청,2022-09,326.95
289,산청,2022-10,481.32
289,산청,2022-11,417.48
289,산청,2022-12,389.71
294,거제,2022-01,420.9
294,거제,2022-02,463.82
294,거제,2022-03,417.12
294,거제,2022-04,503.86
294,거제,2022-05,627.21
294,거제,2022-06,389.16
294,거제,2022-07,427.76
294,거제,2022-08,343.9
294,거제,2022-09,325.51
294,거제,2022-10,452.28
294,거제,2022-11,404.85
294,거제,2022-12,409.36
295,남해,2022-01,460.22
295,남해,2022-02,474.64
295,남해,2022-03,434.43
295,남해,2022-04,511.97
295,남해,2022-05,604.84
295,남해,2022-06,381.41
295,남해,2022-07,425.41
295,남해,2022-08,348.95
295,남해,2022-09,361.03
295,남해,2022-10,497.55
295,남해,2022-11,430.46
295,남해,2022-12,432.81
